HOUSEID,PERSONID,VARSTRAT,WTPERFIN,SFWGT,HH_HISP,HH_RACE,DRVRCNT,HHFAMINC,HHSIZE,HHVEHCNT,NUMADLT,WRKCOUNT,FLAG100,LIF_CYC,CNTTDTR,BORNINUS,CARRODE,CDIVMSAR,CENSUS_D,CENSUS_R,CONDNIGH,CONDPUB,CONDRIDE,CONDRIVE,CONDSPEC,CONDTAX,CONDTRAV,DELIVER,DIARY,DISTTOSC,DRIVER,DTACDT,DTCONJ,DTCOST,DTRAGE,DTRAN,DTWALK,EDUC,EVERDROV,FLEXTIME,FMSCSIZE,FRSTHM,FXDWKPL,GCDWORK,GRADE,GT1JBLWK,HHRESP,HHSTATE,HHSTFIPS,ISSUE,OCCAT,LSTTRDAY,MCUSED,MEDCOND,MEDCOND6,MOROFTEN,MSACAT,MSASIZE,NBIKETRP,NWALKTRP,OUTCNTRY,OUTOFTWN,PAYPROF,PRMACT,PROXY,PTUSED,PURCHASE,R_AGE,R_RELAT,R_SEX,RAIL,SAMEPLC,SCHCARE,SCHCRIM,SCHDIST,SCHSPD,SCHTRAF,SCHTRN1,SCHTRN2,SCHTYP,SCHWTHR,SELF_EMP,TIMETOSC,TIMETOWK,TOSCSIZE,TRAVDAY,URBAN,URBANSIZE,URBRUR,USEINTST,USEPUBTR,WEBUSE,WKFMHMXX,WKFTPT,WKRMHM,WKSTFIPS,WORKER,WRKTIME,WRKTRANS,YEARMILE,YRMLCAP,YRTOUS,DISTTOWK,TDAYDATE,HOMEOWN,HOMETYPE,HBHUR,HTRESDN,HTHTNRNT,HTPPOPDN,HTEEMPDN,HBRESDN,HBHTNRNT,HBPPOPDN,HH_CBSA,HHC_MSA
20000017,01,48,186.76896007,0,02,01,2,18,3,3,3,1,01,10,5,01,-1,33,03,02,02,02,01,01,02,02,02,-1,01,-1,01,-1,-1,03,-1,-1,-1,03,-1,-1,-1,01,-1,-1,-1,-1,02,IN,18,04,-1,-1,-1,01,02,-1,03,03,0,3,-1,-1,02,06,01,0,0,75,02,01,02,-1,-1,-1,-1,-1,-1,-1,-1,-1,-1,-1,-1,-1,-1,04,04,06,02,01,02,01,-1,-1,-1,-1,02,-1,-1,12500,02,-1,-1,200904,01,01,TC,300,5,300,75,300,5,300,XXXXX,XXXX
20000017,02,48,190.65615469,0,02,01,2,18,3,3,3,1,01,10,8,01,-1,33,03,02,-1,-1,-1,-1,-1,-1,-1,1,01,-1,01,-1,-1,03,-1,-1,-1,03,-1,-1,-1,01,-1,0,-1,02,02,IN,18,04,02,-1,-1,02,-1,-1,03,03,0,0,-1,-1,01,07,01,1,1,58,01,02,02,-1,-1,-1,-1,-1,-1,-1,-1,-1,-1,02,-1,-1,-1,04,04,06,02,01,02,01,-1,01,-1,18,01,-1,-1,15000,02,-1,-1,200904,01,01,TC,300,5,300,75,300,5,300,XXXXX,XXXX
20000017,03,48,200.91409876,0,02,01,2,18,3,3,3,1,01,10,0,01,-1,33,03,02,02,01,01,01,02,02,01,-1,02,-1,02,-1,-1,-1,-1,-1,-1,03,01,-1,-1,02,-1,-1,-1,-1,02,IN,18,-1,-1,2,-1,01,03,-1,03,03,0,0,-1,02,02,07,02,2,-1,83,04,02,02,01,-1,-1,-1,-1,-1,-1,-1,-1,-1,-1,-1,-1,-1,04,04,06,02,-1,-1,05,-1,-1,-1,-1,02,-1,-1,-1,-1,-1,-1,200904,01,01,TC,300,5,300,75,300,5,300,XXXXX,XXXX
20000231,01,61,1432.5629385,0,01,01,1,08,1,1,1,1,01,01,5,02,1,73,07,03,-1,-1,-1,-1,-1,-1,-1,2,01,-1,01,-1,-1,-1,-1,03,-1,03,-1,02,-1,01,-1,3.8666750857,-1,02,01,TX,48,02,01,-1,-1,02,-1,-1,03,03,0,3,-1,-1,-1,01,01,-9,2,26,01,02,02,-1,-1,-1,-1,-1,-1,-1,-1,-1,-1,02,-1,12,-1,04,01,03,01,02,02,01,-1,01,02,48,01,10:00AM,01,10000,02,1982,5,200812,01,02,S,1500,30,3000,1500,1500,5,3000,XXXXX,XXXX
20000521,01,59,322.51623593,0,01,01,2,06,2,2,2,1,01,10,4,01,1,73,07,03,-1,-1,-1,-1,-1,-1,-1,2,01,-1,01,-1,-1,03,-1,-1,-1,04,-1,02,-1,01,-1,8.7037354861,-1,02,01,TX,48,04,04,-1,-1,02,-1,-1,03,03,0,0,-1,-1,-1,01,01,1,5,59,01,01,02,-1,-1,-1,-1,-1,-1,-1,-1,-1,-1,02,-1,25,-1,01,01,03,01,02,02,01,-1,01,02,48,01,07:00AM,01,7000,02,-1,12,200902,01,01,U,1500,30,3000,3000,3000,20,7000,XXXXX,XXXX
20000521,02,59,363.18216991,0,01,01,2,06,2,2,2,1,01,10,2,01,-1,73,07,03,-1,-1,-1,-1,-1,-1,-1,-1,01,-1,01,-1,-1,-1,-1,-1,-1,01,-1,-1,-1,01,-1,-1,-1,-1,01,TX,48,-1,-1,-1,-1,02,-1,-1,03,03,0,0,-1,-1,02,06,02,0,-1,80,04,01,02,-1,-1,-1,-1,-1,-1,-1,-1,-1,-1,-1,-1,-1,-1,01,01,03,01,02,02,05,-1,-1,-1,-1,02,-1,-1,-8,-1,-1,-1,200902,01,01,U,1500,30,3000,3000,3000,20,7000,XXXXX,XXXX
20001283,01,26,1770.1402398,0,02,02,1,03,1,0,1,0,01,09,4,01,-1,21,02,01,-1,-1,-1,-1,-1,-1,-1,-1,02,-1,01,-1,-1,01,-1,-1,-1,03,01,-1,-1,01,-1,-1,-1,-1,01,NY,36,04,-1,-1,-1,02,-1,-1,01,05,0,14,-1,-1,02,06,01,2,0,72,01,01,01,-1,-1,-1,-1,-1,-1,-1,-1,-1,-1,-1,-1,-1,-1,06,01,05,01,02,01,02,-1,-1,-1,-1,02,-1,-1,-1,-1,-1,-1,200806,02,03,U,30000,90,30000,5000,30000,90,30000,35620,5602
20001603,01,37,102.82667782,0,02,01,2,16,2,3,2,1,01,10,6,01,-1,74,07,03,-1,-1,-1,-1,-1,-1,-1,3,01,-1,01,-1,-1,03,-1,-1,-1,02,-1,-1,-1,01,-1,-1,-1,-1,01,TX,48,04,-1,-1,-1,02,-1,-1,04,06,0,21,-1,-1,02,06,01,0,3,68,01,02,02,-1,-1,-1,-1,-1,-1,-1,-1,-1,-1,-1,-1,-1,-1,03,04,06,02,02,02,01,-1,-1,-1,-1,02,-1,-1,10000,02,-1,-1,200808,01,01,TC,50,20,50,25,50,20,50,19100,-1
20001603,02,37,111.96256135,0,02,01,2,16,2,3,2,1,01,10,10,01,1,74,07,03,-1,-1,-1,-1,-1,-1,-1,-1,01,-1,01,-1,-1,03,-1,-1,-1,02,-1,01,-1,01,-1,6.2611689012,-1,02,01,TX,48,04,01,-1,-1,02,-1,-1,04,06,0,6,-1,-1,-1,01,01,-9,0,71,02,01,02,-1,-1,-1,-1,-1,-1,-1,-1,-1,-1,01,-1,30,-1,03,04,06,02,01,02,01,-1,01,02,48,01,07:30AM,04,20000,02,-1,9,200808,01,01,TC,50,20,50,25,50,20,50,19100,-1
20001649,01,27,795.9254679,0,02,01,2,17,2,3,2,0,01,10,8,01,-1,33,03,02,-1,-1,-1,-1,-1,-1,-1,1,01,-1,01,-1,-1,03,-1,-1,-1,04,-1,-1,-1,01,-1,-1,-1,-1,01,WI,55,04,-1,-1,-1,02,-1,-1,03,02,0,5,-1,-1,02,06,01,0,1,40,01,02,02,-1,-1,-1,-1,-1,-1,-1,-1,-1,-1,-1,-1,-1,-1,05,01,02,01,02,02,01,-1,-1,-1,-1,02,-1,-1,7000,02,-1,-1,200806,01,01,TC,300,20,300,750,300,30,750,XXXXX,XXXX
20001649,02,27,858.3214727,0,02,01,2,17,2,3,2,0,01,10,6,01,-1,33,03,02,-1,-1,-1,-1,-1,-1,-1,-1,01,-1,01,-1,-1,03,-1,-1,-1,04,-1,-1,-1,01,-1,-1,-1,-1,01,WI,55,04,-1,-1,-1,02,-1,-1,03,02,0,2,-1,-1,02,06,01,0,-1,35,02,01,02,-1,-1,-1,-1,-1,-1,-1,-1,-1,-1,-1,-1,-1,-1,05,01,02,01,02,02,05,-1,-1,-1,-1,02,-1,-1,11500,02,-1,-1,200806,01,01,TC,300,20,300,750,300,30,750,XXXXX,XXXX
20002413,01,38,96.865685949,0,02,01,2,01,3,0,3,1,01,10,2,01,-1,82,08,04,02,02,01,01,02,02,01,-1,01,-1,01,02,-1,-1,-1,-1,-1,03,-1,-1,-1,01,-1,-1,-1,-1,01,AZ,04,06,-1,-1,-1,01,01,-1,02,05,0,2,-1,-1,02,06,01,0,-1,74,01,02,02,-1,-1,-1,-1,-1,-1,-1,-1,-1,-1,-1,-1,-1,-1,03,01,04,01,02,02,05,-1,-1,-1,-1,02,-1,-1,0,02,-1,-1,200811,01,01,S,3000,40,7000,1500,3000,20,7000,38060,6200
20002413,02,38,308.81175509,0,02,01,2,01,3,0,3,1,01,10,2,01,-1,82,08,04,-1,-1,-1,-1,-1,-1,-1,-1,02,-1,01,03,-1,-1,-1,-1,-1,01,-1,02,-1,01,-1,0.862514413,-1,02,01,AZ,04,06,-1,-1,-1,02,-1,-1,02,05,0,5,-1,-1,-1,01,01,1,0,36,03,01,02,-1,-1,-1,-1,-1,-1,-1,-1,-1,-1,02,-1,20,-1,03,01,04,01,02,02,01,-1,01,02,04,01,09:00AM,23,0,02,-1,1,200811,01,01,S,3000,40,7000,1500,3000,20,7000,38060,6200
20002413,03,38,110.22048485,0,02,01,2,01,3,0,3,1,01,10,0,01,-1,82,08,04,02,02,01,01,01,02,01,-1,01,-1,02,-8,-1,-1,-1,-1,-1,01,01,-1,-1,01,-1,-1,-1,-1,01,AZ,04,06,-1,7,-1,01,03,-1,02,05,0,2,-1,-1,02,07,01,0,0,52,03,02,02,01,-1,-1,-1,-1,-1,-1,-1,-1,-1,-1,-1,-1,-1,03,01,04,01,-1,-1,01,-1,-1,-1,-1,02,-1,-1,-1,-1,-1,-1,200811,01,01,S,3000,40,7000,1500,3000,20,7000,38060,6200
20002440,01,63,225.19109371,0,02,01,2,-7,2,2,2,0,01,10,0,01,-1,53,05,03,-1,-1,-1,-1,-1,-1,-1,3,02,-1,01,03,-1,-1,-1,-1,-1,03,-1,-1,-1,01,-1,-1,-1,-1,01,SC,45,06,-1,1,-1,02,-1,-1,03,03,0,0,-1,-1,02,06,01,-9,3,64,01,02,02,01,-1,-1,-1,-1,-1,-1,-1,-1,-1,-1,-1,-1,-1,06,01,02,01,-1,-1,01,-1,-1,-1,-1,02,-1,-1,15000,02,-1,-1,200809,01,01,TC,300,5,300,25,300,5,750,XXXXX,XXXX
20002440,02,63,287.13541567,0,02,01,2,-7,2,2,2,0,01,10,6,01,-1,53,05,03,-1,-1,-1,-1,-1,-1,-1,-1,01,-1,01,02,-1,-1,-1,-1,-1,03,-1,-1,-1,01,-1,-1,-1,-1,01,SC,45,06,-1,-1,-1,02,-1,-1,03,03,0,14,-1,-1,02,06,01,-9,0,64,02,01,02,-1,-1,-1,-1,-1,-1,-1,-1,-1,-1,-1,-1,-1,-1,06,01,02,01,02,02,01,-1,-1,-1,-1,02,-1,-1,10000,02,-1,-1,200809,01,01,TC,300,5,300,25,300,5,750,XXXXX,XXXX
20002570,01,91,179.00372625,0,02,01,2,16,4,2,2,2,01,06,9,01,1,72,07,03,-1,-1,-1,-1,-1,-1,-1,-1,02,-1,01,-1,-1,02,-1,-1,-1,04,-1,02,-1,01,-1,11.572496612,-1,02,01,TX,48,04,04,-1,-1,02,-1,-1,02,05,0,3,-1,-1,-1,01,01,0,0,45,01,02,02,-1,-1,-1,-1,-1,-1,-1,-1,-1,-1,02,-1,20,-1,05,01,04,01,02,02,01,-1,01,02,48,01,06:45AM,03,-8,-1,-1,14,200807,01,01,C,1500,20,7000,1500,1500,20,7000,26420,3362
20002570,02,91,270.95974911,0,02,01,2,16,4,2,2,2,01,06,0,-1,-1,72,07,03,-1,-1,-1,-1,-1,-1,-1,-1,02,-1,-1,-1,-1,-1,-1,-1,-1,-1,-1,-1,-1,02,-1,-1,-1,-1,01,TX,48,-1,-1,4,-1,-1,-1,-1,02,05,0,2,02,01,-1,-1,02,-1,-1,13,03,01,02,01,-1,-1,-1,-1,-1,-1,-1,-1,-1,-1,-1,-1,-1,05,01,04,01,-1,-1,-1,-1,-1,-1,-1,-1,-1,-1,-1,-1,-1,-1,200807,01,01,C,1500,20,7000,1500,1500,20,7000,26420,3362
20002570,03,91,270.78197382,541.56394763,02,01,2,16,4,2,2,2,01,06,4,-1,-1,72,07,03,-1,-1,-1,-1,-1,-1,-1,-1,02,02,-1,-1,-1,-1,-1,-1,-1,-1,-1,-1,-1,01,-1,-1,-8,-1,01,TX,48,-1,-1,-1,-1,-1,-1,-1,02,05,2,3,-1,-1,-1,-1,02,-1,-1,9,03,02,02,-1,02,01,01,04,04,11,01,01,01,-1,10,-1,-1,05,01,04,01,02,02,-1,-1,-1,-1,-1,-1,-1,-1,-1,-1,-1,-1,200807,01,01,C,1500,20,7000,1500,1500,20,7000,26420,3362
20002570,04,91,451.46288097,0,02,01,2,16,4,2,2,2,01,06,8,02,1,72,07,03,-1,-1,-1,-1,-1,-1,-1,-1,01,-1,01,-1,03,-1,-1,-1,-1,04,-1,02,-1,01,-1,13.530861878,-1,02,01,TX,48,01,02,-1,-1,02,-1,-1,02,05,0,2,-1,-1,-1,01,01,0,0,33,08,01,02,-1,-1,-1,-1,-1,-1,-1,-1,-1,-1,02,-1,30,-1,05,01,04,01,02,02,01,-1,01,02,48,01,07:45AM,01,20000,02,1976,21,200807,01,01,C,1500,20,7000,1500,1500,20,7000,26420,3362
20002888,01,52,77.069761912,0,02,01,1,04,1,1,1,0,01,09,2,01,-1,43,04,02,-1,-1,-1,-1,-1,-1,-1,-1,01,-1,01,-1,-1,-1,-1,-1,02,01,-1,-1,-1,01,-1,-1,-1,-1,01,IA,19,03,-1,-1,-1,02,-1,-1,03,01,0,5,-1,-1,02,06,01,0,-1,84,01,02,02,-1,-1,-1,-1,-1,-1,-1,-1,-1,-1,-1,-1,-1,-1,02,01,01,01,02,02,05,-1,-1,-1,-1,02,-1,-1,-8,-1,-1,-1,200903,02,04,TC,300,5,750,750,300,20,1500,XXXXX,XXXX
20003401,01,58,12834.37023,0,02,02,1,02,1,1,1,0,01,01,2,01,-1,64,06,03,01,02,01,02,02,02,01,-1,02,-1,01,-1,-1,03,-1,-1,-1,01,-1,-1,-1,01,-1,-1,-1,-1,01,MS,28,04,-1,-1,-1,01,04,-1,04,06,0,3,-1,-1,02,07,01,-9,0,50,01,01,02,-1,-1,-1,-1,-1,-1,-1,-1,-1,-1,-1,-1,-1,-1,03,02,06,01,02,02,03,-1,-1,-1,-1,02,-1,-1,5000,02,-1,-1,200810,02,02,C,3000,60,7000,3000,1500,60,7000,XXXXX,-1
20004480,01,89,263.09920519,0,02,01,3,17,3,2,2,2,01,08,9,01,3,72,07,03,-1,-1,-1,-1,-1,-1,-1,2,01,-1,01,-1,-1,03,-1,-1,-1,03,-1,02,-1,01,-1,0.496360852,-1,02,01,TX,48,04,97,-1,-1,02,-1,-1,02,05,0,5,-1,-1,-1,02,01,0,2,55,01,02,02,-1,-1,-1,-1,-1,-1,-1,-1,-1,-1,02,-1,3,-1,05,01,04,01,02,02,01,-1,02,02,48,01,08:30AM,01,10000,02,-1,0.4444,200806,01,01,C,1500,5,7000,1500,1500,5,7000,26420,3362
20004480,02,89,344.17617366,0,02,01,3,17,3,2,2,2,01,08,4,01,1,72,07,03,-1,-1,-1,-1,-1,-1,-1,-1,01,-1,01,-1,03,-1,-1,-1,-1,04,-1,01,-1,01,-1,13.988541391,-1,02,01,TX,48,01,04,-1,-1,02,-1,-1,02,05,0,4,-1,-1,-1,01,01,1,0,54,02,01,02,-1,-1,-1,-1,-1,-1,-1,-1,-1,-1,02,-1,20,-1,05,01,04,01,02,01,01,-1,01,02,48,01,06:00AM,01,15000,02,-1,17,200806,01,01,C,1500,5,7000,1500,1500,5,7000,26420,3362
20004480,03,89,419.07510238,0,02,01,3,17,3,2,2,2,01,08,9,01,-1,72,07,03,-1,-1,-1,-1,-1,-1,-1,-1,01,-1,01,-1,-1,-1,02,-1,-1,-1,-1,-1,-1,01,-1,-1,-1,-1,01,TX,48,05,-1,-1,-1,02,-1,-1,02,05,0,3,-1,-1,02,03,01,0,0,16,03,02,02,-1,-1,-1,-1,-1,-1,-1,-1,-1,-1,-1,-1,-1,-1,05,01,04,01,02,02,01,-1,-1,-1,-1,02,-1,-1,60000,02,-1,-1,200806,01,01,C,1500,5,7000,1500,1500,5,7000,26420,3362
20004837,01,19,1380.6215323,0,02,01,3,18,3,2,2,2,01,06,3,01,1,31,03,02,-1,-1,-1,-1,-1,-1,-1,6,01,-1,01,-1,-1,-1,-1,-1,-1,05,-1,01,-1,01,-1,21.145484658,-1,02,01,IL,17,-1,01,-1,-1,02,-1,-1,01,05,0,0,-1,-1,-1,01,02,0,6,47,01,02,01,-1,-1,-1,-1,-1,-1,-1,-1,-1,-1,02,-1,45,-1,04,01,05,01,01,02,01,4,01,01,17,01,09:00AM,01,25000,02,-1,29,200812,01,01,S,750,0,3000,750,750,0,1500,16980,1602
20004837,02,19,2009.6831685,0,02,01,3,18,3,2,2,2,01,06,6,01,1,31,03,02,-1,-1,-1,-1,-1,-1,-1,3,01,-1,01,02,-1,-1,-1,-1,-1,04,-1,02,-1,01,-1,23.786101077,-1,02,01,IL,17,06,01,-1,-1,02,-1,-1,01,05,0,5,-1,-1,-1,01,01,0,3,47,02,01,01,-1,-1,-1,-1,-1,-1,-1,-1,-1,-1,02,-1,45,-1,04,01,05,01,01,02,01,-1,01,02,17,01,06:15AM,01,20000,02,-1,29,200812,01,01,S,750,0,3000,750,750,0,1500,16980,1602
20004837,03,19,1573.2380329,1573.2380329,02,01,3,18,3,2,2,2,01,06,2,-1,-1,31,03,02,-1,-1,-1,-1,-1,-1,-1,-1,01,05,01,-1,-1,-1,-1,-1,-1,-1,-1,-1,-1,01,-1,-1,-1,-1,01,IL,17,-1,-1,-1,-1,-1,-1,-1,01,05,0,0,-1,-1,-1,-1,02,-1,-1,15,03,02,01,-1,04,01,05,05,05,11,11,01,04,-1,30,-1,-1,04,01,05,01,02,02,-1,-1,-1,-1,-1,-1,-1,-1,-1,-1,-1,-1,200812,01,01,S,750,0,3000,750,750,0,1500,16980,1602
20005320,01,19,183.80495689,0,02,01,2,12,2,4,2,1,01,10,2,01,-1,91,09,04,-1,-1,-1,-1,-1,-1,-1,-1,01,-1,01,-1,03,-1,-1,-1,-1,03,-1,-1,-1,01,-1,-1,-1,-1,01,CA,06,01,-1,-1,-1,02,-1,-1,01,05,0,7,-1,-1,02,04,01,0,0,65,01,02,01,-1,-1,-1,-1,-1,-1,-1,-1,-1,-1,-1,-1,-1,-1,03,01,05,01,02,02,01,-1,-1,-1,-1,02,-1,-1,-8,-1,-1,-1,200812,01,01,S,1500,30,3000,3000,1500,50,3000,31100,4472
20005320,02,19,198.25077607,0,02,01,2,12,2,4,2,1,01,10,5,01,-1,91,09,04,-1,-1,-1,-1,-1,-1,-1,-1,02,-1,01,-1,03,-1,-1,-1,-1,03,-1,01,-1,01,-1,4.734441699,-1,02,01,CA,06,01,02,-1,-1,02,-1,-1,01,05,1,2,-1,-1,01,06,01,0,0,70,02,01,01,-1,-1,-1,-1,-1,-1,-1,-1,-1,-1,01,-1,20,-1,03,01,05,01,02,02,02,-1,02,02,06,01,07:00AM,97,25000,02,-1,9,200812,01,01,S,1500,30,3000,3000,1500,50,3000,31100,4472
20005517,01,39,169.11759791,0,02,01,1,16,2,1,2,0,01,10,1,01,-1,53,05,03,-1,-1,-1,-1,-1,-1,-1,-1,01,-1,01,-1,-1,-1,-1,-1,-1,03,-1,-1,-1,02,-1,-1,-1,-1,01,FL,12,-8,-1,-1,-1,02,-1,-1,03,02,0,0,-1,02,02,06,01,0,-1,79,01,02,02,-1,-1,-1,-1,-1,-1,-1,-1,-1,-1,-1,-1,-1,-1,02,01,02,01,01,02,05,-1,-1,-1,-1,02,-1,-1,-8,-1,-1,-1,200809,01,01,S,1500,70,3000,750,750,40,1500,XXXXX,XXXX
20005517,02,39,202.03496612,0,02,01,1,16,2,1,2,0,01,10,0,01,-1,53,05,03,-1,-1,-1,-1,-1,-1,-1,-1,02,-1,02,-1,-1,-1,-1,-1,-1,03,01,-1,-1,02,-1,-1,-1,-1,01,FL,12,-8,-1,-1,-1,02,-1,-1,03,02,0,0,01,01,02,06,01,0,-1,84,02,01,02,-1,-1,-1,-1,-1,-1,-1,-1,-1,-1,-1,-1,-1,-1,02,01,02,01,-1,-1,05,-1,-1,-1,-1,02,-1,-1,-1,-1,-1,-1,200809,01,01,S,1500,70,3000,750,750,40,1500,XXXXX,XXXX
20005599,01,79,284.94462809,0,02,02,0,03,1,0,1,0,01,09,2,01,-1,53,05,03,-1,-1,-1,-1,-1,-1,-1,-1,01,-1,02,-1,-1,-1,03,-1,-1,03,01,-1,-1,01,-1,-1,-1,-1,01,GA,13,05,-1,-1,-1,02,-1,-1,03,02,0,0,-1,-1,02,06,01,6,-1,82,01,02,02,-1,-1,-1,-1,-1,-1,-1,-1,-1,-1,-1,-1,-1,-1,01,01,02,01,02,02,05,-1,-1,-1,-1,02,-1,-1,-1,-1,-1,-1,200806,02,03,C,1500,60,3000,1500,3000,70,3000,XXXXX,XXXX
20005807,01,87,151.64441556,0,02,01,2,18,2,2,2,1,02,02,7,02,3,92,09,04,-1,-1,-1,-1,-1,-1,-1,1,01,-1,01,-1,-1,02,-1,-1,-1,04,-1,01,-1,01,-1,36.556894609,-1,02,01,CA,06,04,04,-1,-1,02,-1,-1,02,04,0,6,-1,-1,-1,01,01,0,1,54,01,02,02,-1,-1,-1,-1,-1,-1,-1,-1,-1,-1,02,-1,50,-1,01,04,06,02,01,02,01,-1,02,02,06,01,08:00AM,01,15000,02,1974,53,200806,01,01,S,300,20,1500,750,300,20,750,41740,7320
20006167,01,8,36.756747295,0,02,01,1,01,2,1,2,0,01,10,0,01,-1,23,02,01,-1,-1,-1,-1,-1,-1,-1,-1,02,-1,02,-1,-1,-1,-1,-1,02,01,01,-1,-1,02,-1,-1,-1,-1,01,NY,36,03,-1,-1,-1,02,-1,-1,03,03,0,0,01,01,02,-8,01,1,-1,92,01,02,02,-1,-1,-1,-1,-1,-1,-1,-1,-1,-1,-1,-1,-1,-1,05,04,06,02,-1,-1,-8,-1,-1,-1,-1,02,-1,-1,-1,-1,-1,-1,200812,01,01,TC,50,20,50,25,50,20,50,XXXXX,XXXX
20006167,02,8,66.834231241,0,02,01,1,01,2,1,2,0,01,10,0,01,-1,23,02,01,-1,-1,-1,-1,-1,-1,-1,-1,02,-1,01,03,-1,-1,-1,-1,-1,02,-1,-1,-1,01,-1,-1,-1,-1,01,NY,36,06,-1,1,-1,02,-1,-1,03,03,0,7,-1,-1,02,07,01,0,-1,40,08,02,02,01,-1,-1,-1,-1,-1,-1,-1,-1,-1,-1,-1,-1,-1,05,04,06,02,-1,-1,05,-1,-1,-1,-1,02,-1,-1,-8,-1,-1,-1,200812,01,01,TC,50,20,50,25,50,20,50,XXXXX,XXXX
20006233,01,9,2641.9660318,0,02,01,0,14,1,0,1,1,01,01,6,01,-1,21,02,01,-1,-1,-1,-1,-1,-1,-1,2,01,-1,02,-1,-1,-1,03,-1,-1,03,01,02,-1,01,-1,0.9784903995,-1,02,01,NY,36,05,04,-1,-1,02,-1,-1,01,05,0,7,-1,-1,-1,01,01,30,2,55,01,02,01,-1,-1,-1,-1,-1,-1,-1,-1,-1,-1,02,-1,20,-1,07,01,05,01,02,02,01,-1,01,02,36,01,08:25AM,23,-1,-1,-1,3,200812,02,03,U,30000,95,30000,5000,30000,95,30000,35620,5602
20006381,01,89,80.964209951,0,02,01,3,06,3,3,3,2,01,02,2,01,1,43,04,02,-1,-1,-1,-1,-1,-1,-1,-1,01,-1,01,-1,-1,03,-1,-1,-1,03,-1,01,-1,01,-1,797.62618962,-1,02,01,IA,19,04,01,-1,-1,02,-1,-1,03,01,0,1,-1,-1,-1,01,01,0,0,23,01,01,02,-1,-1,-1,-1,-1,-1,-1,-1,-1,-1,02,-1,5,-1,02,01,01,01,02,02,03,-1,01,02,48,01,05:30AM,01,15000,02,-1,2,200804,01,02,S,300,30,1500,750,750,30,1500,XXXXX,XXXX
20006381,02,89,82.56689507,0,02,01,3,06,3,3,3,2,01,02,0,01,-1,43,04,02,-1,-1,-1,-1,-1,-1,-1,-1,02,-1,01,-1,-1,03,-1,-1,-1,03,-1,-1,-1,01,-1,-1,-1,-1,01,IA,19,04,-1,2,-1,02,-1,-1,03,01,0,0,-1,-1,02,04,01,0,0,23,02,02,02,01,-1,-1,-1,-1,-1,-1,-1,-1,-1,-1,-1,-1,-1,02,01,01,01,-1,-1,01,-1,-1,-1,-1,02,-1,-1,15000,02,-1,-1,200804,01,02,S,300,30,1500,750,750,30,1500,XXXXX,XXXX
20006381,03,89,82.359514404,0,02,01,3,06,3,3,3,2,01,02,4,01,1,43,04,02,-1,-1,-1,-1,-1,-1,-1,1,02,-1,01,-1,-1,-1,-1,-1,02,05,-1,01,-1,01,-1,1.0952187306,-1,02,01,IA,19,03,04,-1,-1,02,-1,-1,03,01,0,1,-1,-1,-1,01,01,0,2,45,06,02,02,-1,-1,-1,-1,-1,-1,-1,-1,-1,-1,02,-1,5,-1,02,01,01,01,01,02,01,-1,01,02,19,01,08:30AM,01,22000,02,-1,1,200804,01,02,S,300,30,1500,750,750,30,1500,XXXXX,XXXX
20006390,01,59,256.34237949,0,02,01,2,18,2,3,2,2,01,02,6,01,2,72,07,03,-1,-1,-1,-1,-1,-1,-1,1,01,-1,01,-1,-1,03,-1,-1,-1,02,-1,02,-1,01,-1,41.718035714,-1,02,01,TX,48,04,04,-1,-1,02,-1,-1,02,04,0,7,-1,-1,-1,01,01,-9,1,63,01,02,02,-1,-1,-1,-1,-1,-1,-1,-1,-1,-1,02,-1,58,-1,06,04,06,02,01,02,01,-1,01,02,48,01,09:00AM,01,35000,02,-1,45,200805,01,01,TC,750,50,1500,750,750,40,1500,41700,7240
20006390,02,59,288.49750371,0,02,01,2,18,2,3,2,2,01,02,2,01,-1,72,07,03,02,02,01,02,02,02,01,-1,01,-1,01,-1,-1,-1,-1,-1,-1,03,-1,02,-1,01,-1,41.718035714,-1,02,01,TX,48,-1,03,-1,-1,01,01,-1,02,04,0,0,-1,-1,-1,02,02,-9,0,70,02,01,02,-1,-1,-1,-1,-1,-1,-1,-1,-1,-1,02,-1,-4,-1,06,04,06,02,02,02,01,-1,01,02,48,01,09:00AM,-1,20000,02,-1,45,200805,01,01,TC,750,50,1500,750,750,40,1500,41700,7240
20007641,01,91,61.458307328,0,02,01,2,17,4,5,2,2,01,06,4,01,1,51,05,03,-1,-1,-1,-1,-1,-1,-1,3,01,-1,01,02,-1,-1,-1,-1,-1,04,-1,01,-1,01,-1,41.4653224,-1,02,01,VA,51,06,04,-1,-1,02,-1,-1,01,05,0,7,-1,-1,-1,01,01,0,3,48,01,01,01,-1,-1,-1,-1,-1,-1,-1,-1,-1,-1,02,-1,70,-1,05,01,01,01,02,02,01,4,01,01,51,01,07:00AM,01,32000,02,-1,55,200811,01,01,TC,300,50,300,150,300,60,750,47900,8872
20007641,02,91,63.297053775,0,02,01,2,17,4,5,2,2,01,06,6,01,1,51,05,03,-1,-1,-1,-1,-1,-1,-1,-1,01,-1,01,-1,02,-1,-1,-1,-1,03,-1,01,-1,01,-1,4.901750055,-1,02,01,VA,51,01,02,-1,-1,02,-1,-1,01,05,0,0,-1,-1,-1,01,01,0,0,46,02,02,01,-1,-1,-1,-1,-1,-1,-1,-1,-1,-1,02,-1,18,-1,05,01,01,01,01,02,01,-1,01,02,51,01,08:35AM,02,12000,02,-1,6,200811,01,01,TC,300,50,300,150,300,60,750,47900,8872
20007641,03,91,76.263693668,152.52738734,02,01,2,17,4,5,2,2,01,06,2,-1,-1,51,05,03,-1,-1,-1,-1,-1,-1,-1,-1,01,05,-1,-1,-1,-1,-1,-1,-1,-1,-1,-1,-1,01,-1,-1,-1,-1,01,VA,51,-1,-1,-1,-1,-1,-1,-1,01,05,2,5,-1,-1,-1,-1,02,-1,-1,14,03,01,01,-1,04,01,05,01,01,11,11,01,01,-1,30,-1,-1,05,01,01,01,02,02,-1,-1,-1,-1,-1,-1,-1,-1,-1,-1,-1,-1,200811,01,01,TC,300,50,300,150,300,60,750,47900,8872
20007641,04,91,76.263693668,0,02,01,2,17,4,5,2,2,01,06,2,-1,-1,51,05,03,-1,-1,-1,-1,-1,-1,-1,-1,01,-1,-1,-1,-1,-1,-1,-1,-1,-1,-1,-1,-1,01,-1,-1,-1,-1,01,VA,51,-1,-1,-1,-1,-1,-1,-1,01,05,0,4,-1,-1,-1,-1,02,-1,-1,12,03,01,01,-1,-1,-1,-1,-1,-1,-1,-1,-1,-1,-1,-1,-1,-1,05,01,01,01,02,02,-1,-1,-1,-1,-1,-1,-1,-1,-1,-1,-1,-1,200811,01,01,TC,300,50,300,150,300,60,750,47900,8872
20008264,01,46,191.25041866,0,02,01,4,14,5,8,3,2,02,06,12,01,3,92,09,04,-1,-1,-1,-1,-1,-1,-1,-1,02,-1,01,-1,-1,03,-1,-1,-1,04,-1,01,-1,01,-1,4.0440121527,-1,02,01,CA,06,04,04,-1,-1,02,-1,-1,02,04,0,3,-1,-1,-1,01,01,0,0,45,01,02,02,-1,-1,-1,-1,-1,-1,-1,-1,-1,-1,02,-1,15,-1,03,04,06,02,01,02,02,-1,02,02,06,01,08:30AM,02,12000,02,-1,9,200812,01,01,TC,50,20,50,25,50,20,50,41740,7320
20008264,02,46,239.54229102,0,02,01,4,14,5,8,3,2,02,06,2,01,1,92,09,04,-1,-1,-1,-1,-1,-1,-1,1,01,-1,01,-1,-1,-1,-1,-1,-1,02,-1,02,-1,01,-1,10.756756369,-1,01,01,CA,06,-1,04,-1,-1,02,-1,-1,02,04,0,1,-1,-1,-1,01,02,0,1,47,02,01,02,-1,-1,-1,-1,-1,-1,-1,-1,-1,-1,02,-1,25,-1,03,04,06,02,02,02,01,-1,01,02,06,01,06:00AM,04,5000,02,-1,17,200812,01,01,TC,50,20,50,25,50,20,50,41740,7320
20008273,02,68,352.4913845,0,02,01,2,18,4,2,2,1,02,06,8,01,1,72,07,03,-1,-1,-1,-1,-1,-1,-1,4,01,-1,01,-1,03,-1,-1,-1,-1,04,-1,01,-1,01,-1,13.977398157,-1,02,01,TX,48,01,03,-1,-1,02,-1,-1,02,05,0,3,-1,-1,-1,01,01,0,5,45,02,01,02,-1,-1,-1,-1,-1,-1,-1,-1,-1,-1,02,-1,40,-1,02,01,04,01,01,02,01,-1,01,02,48,01,07:30AM,01,24000,02,-1,15,200806,01,02,S,7000,70,17000,3000,7000,80,17000,19100,1922
20008684,01,89,179.21061094,0,02,03,2,18,4,2,2,1,01,06,6,02,-1,72,07,03,-1,-1,-1,-1,-1,-1,-1,-1,01,-1,01,-1,-1,03,-1,-1,-1,03,-1,-1,-1,01,-1,-1,-1,-1,01,TX,48,04,-1,-1,-1,02,-1,-1,02,05,0,2,-1,-1,02,04,01,-9,0,46,01,02,02,-1,-1,-1,-1,-1,-1,-1,-1,-1,-1,-1,-1,-1,-1,06,01,04,01,02,02,01,-1,-1,-1,-1,02,-1,-1,-8,-1,1981,-1,200903,01,01,C,3000,40,7000,1500,3000,40,7000,26420,3362
20008684,02,89,220.26148615,0,02,03,2,18,4,2,2,1,01,06,3,02,1,72,07,03,-1,-1,-1,-1,-1,-1,-1,-1,01,-1,01,-1,-1,-1,-1,-1,-1,05,-1,02,-1,01,-1,23.015065233,-1,02,01,TX,48,-1,04,-1,-1,02,-1,-1,02,05,0,0,-1,-1,-1,01,02,-9,0,55,02,01,02,-1,-1,-1,-1,-1,-1,-1,-1,-1,-1,02,-1,45,-1,06,01,04,01,02,02,01,-1,01,02,48,01,09:15AM,01,10000,02,1976,25,200903,01,01,C,3000,40,7000,1500,3000,40,7000,26420,3362
20008684,03,89,285.64134932,0,02,03,2,18,4,2,2,1,01,06,2,01,-1,72,07,03,-1,-1,-1,-1,-1,-1,-1,-1,01,-1,02,-1,-1,-1,-1,-1,-1,-1,-1,-1,-1,01,-1,-1,-1,-1,01,TX,48,-1,-1,-1,-1,02,-1,-1,02,05,0,1,-1,-1,02,05,02,-9,0,17,03,01,02,-1,-1,-1,-1,-1,-1,-1,-1,-1,-1,-1,-1,-1,-1,06,01,04,01,02,02,01,-1,-1,-1,-1,02,-1,-1,-1,-1,-1,-1,200903,01,01,C,3000,40,7000,1500,3000,40,7000,26420,3362
20008684,04,89,285.64134932,285.64134932,02,03,2,18,4,2,2,1,01,06,2,-1,-1,72,07,03,-1,-1,-1,-1,-1,-1,-1,-1,01,04,-1,-1,-1,-1,-1,-1,-1,-1,-1,-1,-1,01,-1,-1,99,-1,01,TX,48,-1,-1,-1,-1,-1,-1,-1,02,05,0,4,-1,-1,-1,-1,02,-1,-1,14,03,01,02,-1,04,01,05,02,05,01,01,01,03,-1,15,-1,-1,06,01,04,01,02,02,-1,-1,-1,-1,-1,-1,-1,-1,-1,-1,-1,-1,200903,01,01,C,3000,40,7000,1500,3000,40,7000,26420,3362
20008723,01,41,43.659582044,0,02,01,2,08,2,3,2,0,02,02,5,01,-1,23,02,01,-1,-1,-1,-1,-1,-1,-1,-1,02,-1,01,-1,-1,03,-1,-1,-1,02,-1,-1,-1,01,-1,-1,-1,-1,01,NY,36,04,-1,-1,-1,02,-1,-1,03,02,0,0,-1,-1,02,04,01,0,0,49,01,02,02,-1,-1,-1,-1,-1,-1,-1,-1,-1,-1,-1,-1,-1,-1,04,02,06,01,-8,02,01,-1,-1,-1,-1,02,-1,-1,-8,-1,-1,-1,200809,01,01,TC,50,20,50,25,50,20,300,XXXXX,XXXX
20008871,01,82,98.59538311,0,02,01,2,07,2,1,2,0,01,10,3,01,-1,92,09,04,-1,-1,-1,-1,-1,-1,-1,-1,02,-1,01,-1,-1,03,-1,-1,-1,03,-1,-1,-1,01,-1,-1,-1,-1,01,CA,06,04,-1,-1,-1,02,-1,-1,02,04,0,5,-1,-1,02,06,01,0,0,78,01,02,02,-1,-1,-1,-1,-1,-1,-1,-1,-1,-1,-1,-1,-1,-1,05,01,04,01,01,02,02,-1,-1,-1,-1,02,-1,-1,300,02,-1,-1,200901,01,04,S,1500,20,7000,750,3000,5,3000,41740,7320
20008871,02,82,104.92135381,0,02,01,2,07,2,1,2,0,01,10,3,01,-1,92,09,04,-1,-1,-1,-1,-1,-1,-1,2,02,-1,01,-1,-1,02,-1,-1,-1,03,-1,-1,-1,01,-1,-1,-1,-1,01,CA,06,04,-1,-1,-1,02,-1,-1,02,04,0,5,-1,-1,02,06,01,0,2,78,02,01,02,-1,-1,-1,-1,-1,-1,-1,-1,-1,-1,-1,-1,-1,-1,05,01,04,01,02,02,01,-1,-1,-1,-1,02,-1,-1,6000,02,-1,-1,200901,01,04,S,1500,20,7000,750,3000,5,3000,41740,7320
20009092,01,45,31.351334347,0,02,01,1,03,1,1,1,0,01,09,6,01,-1,23,02,01,-1,-1,-1,-1,-1,-1,-1,-1,01,-1,01,-1,-1,03,-1,-1,-1,03,-1,-1,-1,01,-1,-1,-1,-1,01,NY,36,04,-1,-1,-1,02,-1,-1,03,02,0,1,-1,-1,02,06,01,0,-1,77,01,02,02,-1,-1,-1,-1,-1,-1,-1,-1,-1,-1,-1,-1,-1,-1,05,04,06,02,02,02,05,-1,-1,-1,-1,02,-1,-1,6000,02,-1,-1,200808,01,02,TC,50,5,300,25,50,5,300,XXXXX,XXXX
20009216,01,100,262.70018654,0,02,01,0,17,1,2,1,0,01,09,2,01,-1,91,09,04,-1,-1,-1,-1,-1,-1,-1,-1,01,-1,02,-1,-1,-1,-1,-1,-1,05,01,-1,-1,01,-1,-1,-1,-1,01,CA,06,-8,-1,-1,-1,02,-1,-1,01,05,0,3,-1,-1,02,06,01,0,-1,92,01,01,01,-1,-1,-1,-1,-1,-1,-1,-1,-1,-1,-1,-1,-1,-1,05,01,02,01,02,02,05,-1,-1,-1,-1,02,-1,-1,-1,-1,-1,-1,200901,01,02,S,750,40,1500,1500,300,20,750,41860,7362
20010016,01,78,2332.9024888,0,02,02,3,17,4,3,2,1,02,08,6,01,3,91,09,04,-1,-1,-1,-1,-1,-1,-1,2,01,-1,01,-1,-1,03,-1,-1,-1,03,-1,01,-1,01,-1,16.125321682,-1,02,01,CA,06,04,02,-1,-1,02,-1,-1,01,05,0,3,-1,-1,-1,01,01,0,2,40,01,02,01,-1,-1,-1,-1,-1,-1,-1,-1,-1,-1,02,-1,60,-1,01,01,04,01,01,02,01,-1,01,02,06,01,07:30AM,01,-8,-1,-1,25,200805,01,01,C,1500,30,7000,150,3000,40,17000,40140,4472
20010016,03,78,2451.8352654,0,02,02,3,17,4,3,2,1,02,08,2,01,-1,91,09,04,-1,-1,-1,-1,-1,-1,-1,-1,02,-1,01,-1,-1,-1,-1,-1,-1,-1,-1,-1,-1,01,-1,-1,-1,-1,01,CA,06,-1,-1,-1,-1,02,-1,-1,01,05,0,0,-1,-1,02,05,02,0,0,17,03,02,01,-1,-1,-1,-1,-1,-1,-1,-1,-1,-1,-1,-1,-1,-1,01,01,04,01,01,02,01,-1,-1,-1,-1,02,-1,-1,25000,02,-1,-1,200805,01,01,C,1500,30,7000,150,3000,40,17000,40140,4472
20010016,04,78,2474.7902119,0,02,02,3,17,4,3,2,1,02,08,4,01,-1,91,09,04,-1,-1,-1,-1,-1,-1,-1,-1,02,-1,02,-1,-1,-1,-1,-1,-1,-1,-1,-1,-1,01,-1,-1,-1,-1,01,CA,06,-1,-1,-1,-1,02,-1,-1,01,05,0,7,-1,-1,02,05,02,0,0,16,03,01,01,-1,-1,-1,-1,-1,-1,-1,-1,-1,-1,-1,-1,-1,-1,01,01,04,01,01,02,03,-1,-1,-1,-1,02,-1,-1,-1,-1,-1,-1,200805,01,01,C,1500,30,7000,150,3000,40,17000,40140,4472
20010463,01,3,196.49258237,0,02,01,3,18,4,4,2,2,01,06,12,01,1,72,07,03,-1,-1,-1,-1,-1,-1,-1,5,01,-1,01,-1,-1,-1,-1,03,-1,04,-1,01,-1,01,-1,2.2968481166,-1,02,01,TX,48,02,04,-1,-1,02,-1,-1,02,04,0,4,-1,-1,-1,01,01,-9,5,56,01,01,02,-1,-1,-1,-1,-1,-1,-1,-1,-1,-1,01,-1,10,-1,03,04,06,02,02,02,01,0,01,01,48,01,09:00AM,01,30000,02,-1,4,200808,01,01,TC,300,5,750,150,300,0,750,12420,0640
20010463,02,3,191.56720818,0,02,01,3,18,4,4,2,2,01,06,17,01,-1,72,07,03,-1,-1,-1,-1,-1,-1,-1,-1,01,-1,01,03,-1,-1,-1,-1,-1,04,-1,01,-1,01,-1,2.2968481166,-1,02,01,TX,48,06,01,-1,-1,02,-1,-1,02,04,0,3,-1,-1,01,07,01,-9,0,51,02,02,02,-1,-1,-1,-1,-1,-1,-1,-1,-1,-1,01,-1,10,-1,03,04,06,02,02,02,01,0,01,01,48,01,-8,97,30000,02,-1,4,200808,01,01,TC,300,5,750,150,300,0,750,12420,0640
20010463,03,3,272.48087859,0,02,01,3,18,4,4,2,2,01,06,10,01,-1,72,07,03,-1,-1,-1,-1,-1,-1,-1,-1,01,-1,01,-1,-1,-1,-1,-1,-1,-1,-1,-1,-1,01,-1,-1,-1,-1,01,TX,48,-1,-1,-1,-1,02,-1,-1,02,04,0,4,-1,-1,02,07,02,-9,0,16,03,01,02,-1,-1,-1,-1,-1,-1,-1,-1,-1,-1,-1,-1,-1,-1,03,04,06,02,02,02,01,-1,-1,-1,-1,02,-1,-1,1200,02,-1,-1,200808,01,01,TC,300,5,750,150,300,0,750,12420,0640
20010463,04,3,272.30210529,272.30210529,02,01,3,18,4,4,2,2,01,06,4,-1,-1,72,07,03,-1,-1,-1,-1,-1,-1,-1,-1,01,05,-1,-1,-1,-1,-1,-1,-1,-1,-1,-1,-1,01,-1,-1,-1,-1,01,TX,48,-1,-1,-1,-1,-1,-1,-1,02,04,0,7,-1,-1,-1,-1,02,-1,-1,14,03,02,02,-1,04,01,04,05,05,01,01,02,01,-1,20,-1,-1,03,04,06,02,02,02,-1,-1,-1,-1,-1,-1,-1,-1,-1,-1,-1,-1,200808,01,01,TC,300,5,750,150,300,0,750,12420,0640
20010687,01,63,191.67322743,0,02,01,1,06,1,1,1,0,01,09,6,01,-1,21,02,01,01,-7,02,02,02,01,01,-1,01,-1,01,-1,-1,-1,02,-1,-1,03,-1,-1,-1,01,-1,-1,-1,-1,01,NY,36,05,-1,-1,-1,01,03,-1,01,05,0,2,-1,-1,02,06,01,0,-1,85,01,02,01,-1,-1,-1,-1,-1,-1,-1,-1,-1,-1,-1,-1,-1,-1,05,04,06,02,02,02,05,-1,-1,-1,-1,02,-1,-1,200,02,-1,-1,200903,01,01,U,7000,20,17000,5000,7000,5,17000,35620,5602
20010735,01,70,162.76893696,0,02,01,2,18,5,3,2,2,01,04,8,01,-1,21,02,01,-1,-1,-1,-1,-1,-1,-1,5,02,-1,01,-1,-1,03,-1,-1,-1,03,-1,01,-1,01,-1,59.223546831,-1,02,01,NY,36,04,04,-1,-1,02,-1,-1,01,05,0,5,-1,-1,-1,01,01,20,5,40,01,01,01,-1,-1,-1,-1,-1,-1,-1,-1,-1,-1,02,-1,100,-1,06,04,06,02,01,02,01,5,01,01,36,01,-7,16,15000,02,-1,65,200903,01,01,TC,50,20,300,150,50,5,300,35620,5602
20010735,02,70,71.527405681,71.527405681,02,01,2,18,5,3,2,2,01,04,2,-1,-1,21,02,01,-1,-1,-1,-1,-1,-1,-1,-1,01,04,-1,-1,-1,-1,-1,-1,-1,-1,-1,-1,-1,01,-1,-1,99,-1,01,NY,36,-1,-1,-1,-1,-1,-1,-1,01,05,1,8,-1,-1,-1,-1,02,-1,-1,7,03,01,01,-1,04,01,05,05,05,11,11,01,04,-1,10,-1,-1,06,04,06,02,02,02,-1,-1,-1,-1,-1,-1,-1,-1,-1,-1,-1,-1,200903,01,01,TC,50,20,300,150,50,5,300,35620,5602
20010735,05,70,109.18992962,0,02,01,2,18,5,3,2,2,01,04,2,01,1,21,02,01,-1,-1,-1,-1,-1,-1,-1,3,02,-1,01,-1,-1,-1,-1,-1,-1,03,-1,02,-1,01,-1,31.554170914,-1,02,01,NY,36,-1,04,-1,-1,02,-1,-1,01,05,0,5,-1,-1,-1,01,02,1,3,42,02,02,01,-1,-1,-1,-1,-1,-1,-1,-1,-1,-1,02,-1,50,-1,06,04,06,02,01,02,01,4,02,01,36,01,09:00AM,01,12000,02,-1,35,200903,01,01,TC,50,20,300,150,50,5,300,35620,5602
20010780,01,21,423.41556437,0,02,01,1,05,1,1,1,0,01,09,4,01,-1,51,05,03,-1,-1,-1,-1,-1,-1,-1,-1,01,-1,01,03,-1,-1,-1,-1,-1,03,-1,-1,-1,01,-1,-1,-1,-1,01,GA,13,06,-1,-1,-1,02,-1,-1,01,05,0,2,-1,-1,02,06,01,-9,0,74,01,02,01,-1,-1,-1,-1,-1,-1,-1,-1,-1,-1,-1,-1,-1,-1,02,01,05,01,02,02,01,-1,-1,-1,-1,02,-1,-1,15000,02,-1,-1,200902,01,01,TC,300,20,750,150,750,20,1500,12060,0520
20011077,01,24,384.86553217,0,02,01,1,11,1,1,1,1,01,01,5,01,1,72,07,03,-1,-1,-1,-1,-1,-1,-1,2,01,-1,01,-1,-1,-1,-1,02,-1,04,-1,01,-1,01,-1,6.5675336498,-1,02,01,TX,48,02,04,-1,-1,02,-1,-1,02,05,0,7,-1,-1,-1,01,01,4,2,55,01,02,02,-1,-1,-1,-1,-1,-1,-1,-1,-1,-1,02,-1,20,-1,05,01,04,01,02,02,01,-1,01,02,48,01,07:30AM,01,10000,02,-1,11,200902,01,01,C,3000,30,7000,750,1500,20,7000,19100,1922
20011134,01,79,15.898082327,0,02,01,2,06,2,2,2,0,01,10,6,01,-1,52,05,03,-1,-1,-1,-1,-1,-1,-1,-1,01,-1,01,-1,-1,-1,03,-1,-1,03,-1,-1,-1,01,-1,-1,-1,-1,01,NC,37,05,-1,-1,-1,02,-1,-1,02,04,0,0,-1,-1,02,06,01,0,-1,69,01,02,02,-1,-1,-1,-1,-1,-1,-1,-1,-1,-1,-1,-1,-1,-1,03,01,02,01,01,02,05,-1,-1,-1,-1,02,-1,-1,-8,-1,-1,-1,200812,01,01,C,1500,60,3000,3000,3000,70,3000,XXXXX,3120
20011134,02,79,17.335220168,0,02,01,2,06,2,2,2,0,01,10,6,01,-1,52,05,03,-1,-1,-1,-1,-1,-1,-1,-1,02,-1,01,-1,-1,-1,-1,-1,-1,02,-1,-1,-1,01,-1,-1,-1,-1,01,NC,37,-8,-1,-1,-1,02,-1,-1,02,04,0,0,-1,-1,02,06,01,0,-1,71,02,01,02,-1,-1,-1,-1,-1,-1,-1,-1,-1,-1,-1,-1,-1,-1,03,01,02,01,01,02,05,-1,-1,-1,-1,02,-1,-1,5000,02,-1,-1,200812,01,01,C,1500,60,3000,3000,3000,70,3000,XXXXX,3120
20011237,01,29,646.84469826,0,02,01,3,06,4,2,3,2,02,06,1,01,1,21,02,01,-1,-1,-1,-1,-1,-1,-1,5,02,-1,01,-1,-1,-1,-1,-1,-1,03,-1,02,-1,01,-1,19.653631485,-1,02,01,NY,36,-1,03,-1,-1,02,-1,-1,01,05,1,7,-1,-1,-1,01,02,0,5,22,01,01,01,-1,-1,-1,-1,-1,-1,-1,-1,-1,-1,02,-1,35,-1,01,02,06,01,02,02,01,-1,01,02,36,01,08:00AM,01,12480,02,-1,25,200804,01,01,TC,300,30,300,150,750,20,1500,XXXXX,5602
20011237,02,29,264.74431507,0,02,01,3,06,4,2,3,2,02,06,7,01,-1,21,02,01,-1,-1,-1,-1,-1,-1,-1,3,02,-1,01,-1,-1,-1,03,-1,-1,02,-1,01,-1,01,-1,20.334288225,-1,01,01,NY,36,05,04,-1,-1,02,-1,-1,01,05,10,7,-1,-1,-1,01,01,0,3,47,04,02,01,-1,-1,-1,-1,-1,-1,-1,-1,-1,-1,02,-1,8,-1,01,02,06,01,02,02,01,-1,01,02,36,01,07:15AM,22,12000,02,-1,1,200804,01,01,TC,300,30,300,150,750,20,1500,XXXXX,5602
20011237,04,29,333.05441534,333.05441534,02,01,3,06,4,2,3,2,02,06,2,-1,-1,21,02,01,-1,-1,-1,-1,-1,-1,-1,-1,01,03,-1,-1,-1,-1,-1,-1,-1,-1,-1,-1,0,01,-1,-1,06,-1,01,NY,36,-1,-1,-1,-1,-1,-1,-1,01,05,3,14,-1,-1,-1,-1,02,-1,-1,11,05,01,01,-1,04,01,01,04,04,23,23,01,03,-1,15,-1,0,01,02,06,01,02,02,-1,-1,-1,-1,-1,-1,-1,-1,-1,-1,-1,-1,200804,01,01,TC,300,30,300,150,750,20,1500,XXXXX,5602
20011376,01,10,671.77422162,0,02,03,2,18,4,2,2,1,02,04,9,02,4,72,07,03,-1,-1,-1,-1,-1,-1,-1,0,02,-1,01,03,-1,-1,-1,-1,-1,05,-1,01,-1,01,-1,5.2822459953,-1,02,01,TX,48,06,04,-1,-1,02,-1,-1,02,05,0,2,-1,-1,-1,01,01,5,1,37,01,02,02,-1,-1,-1,-1,-1,-1,-1,-1,-1,-1,02,-1,15,-1,05,01,01,01,02,02,01,-1,01,02,48,01,08:00AM,01,10000,02,2000,6,200805,01,02,C,3000,5,7000,150,3000,5,7000,26420,3362
20011590,01,53,78.806540469,0,02,01,1,04,1,2,1,0,01,09,7,01,-1,74,07,03,-1,-1,-1,-1,-1,-1,-1,-1,01,-1,01,-1,-1,03,-1,-1,-1,02,-1,-1,-1,01,-1,-1,-1,-1,01,TX,48,04,-1,-1,-1,02,-1,-1,04,06,0,4,-1,-1,02,06,01,0,-1,69,01,02,02,-1,-1,-1,-1,-1,-1,-1,-1,-1,-1,-1,-1,-1,-1,03,04,06,02,02,02,05,-1,-1,-1,-1,02,-1,-1,1500,02,-1,-1,200901,01,04,TC,50,20,50,25,50,30,50,XXXXX,-1
20011901,01,35,590.55663256,0,02,01,3,18,4,3,2,1,02,06,10,01,-1,11,01,01,-1,-1,-1,-1,-1,-1,-1,3,01,-1,01,-1,-1,-1,-1,03,-1,05,-1,01,-1,01,-1,0.6287735904,-1,02,01,NH,33,02,04,-1,-1,02,-1,-1,01,05,1,0,-1,-1,-1,01,01,0,3,47,01,01,01,-1,-1,-1,-1,-1,-1,-1,-1,-1,-1,02,-1,-5,-1,03,01,01,01,02,02,01,25,01,01,33,01,10:00AM,-1,1500,02,-1,1,200808,01,01,TC,300,40,750,150,750,40,1500,14460,1122
20011901,04,35,1279.6941282,1279.6941282,02,01,3,18,4,3,2,1,02,06,4,-1,-1,11,01,01,-1,-1,-1,-1,-1,-1,-1,-1,01,05,-1,-1,-1,-1,-1,-1,-1,-1,-1,-1,-1,01,-1,-1,-1,-1,01,NH,33,-1,-1,-1,-1,-1,-1,-1,01,05,0,3,-1,-1,-1,-1,02,-1,-1,14,03,02,01,-1,04,01,05,03,02,16,16,02,05,-1,30,-1,-1,03,01,01,01,02,02,-1,-1,-1,-1,-1,-1,-1,-1,-1,-1,-1,-1,200808,01,01,TC,300,40,750,150,750,40,1500,14460,1122
20012207,01,65,1470.8191939,0,01,07,1,-8,2,0,2,0,02,02,4,02,-1,91,09,04,-1,-1,-1,-1,-1,-1,-1,-1,01,-1,01,-1,-1,-1,-1,-8,-1,01,02,-1,-1,01,-1,-1,-1,-1,01,CA,06,02,-1,-1,-1,02,-1,-1,01,05,0,3,-1,-1,02,04,01,4,-1,68,01,02,01,-1,-1,-1,-1,-1,-1,-1,-1,-1,-1,-1,-1,-1,-1,05,01,05,01,02,01,05,-1,-1,-1,-1,02,-1,-1,-1,-1,1985,-1,200901,02,03,U,7000,70,17000,3000,7000,70,17000,31100,4472
20012364,01,31,138.431003,0,02,01,3,18,3,3,3,3,01,08,4,01,-1,92,09,04,-1,-1,-1,-1,-1,-1,-1,3,01,-1,01,-1,-1,-1,-1,-1,02,05,-1,01,-1,01,-1,1.6746597961,-1,02,01,CA,06,03,04,-1,-1,02,-1,-1,02,04,0,0,-1,-1,-1,02,01,-9,3,46,01,02,02,-1,-1,-1,-1,-1,-1,-1,-1,-1,-1,02,-1,-5,-1,03,01,04,01,02,02,01,-1,02,02,06,01,09:00AM,-1,7000,02,-1,2,200901,01,01,S,1500,50,3000,3000,1500,70,3000,41740,7320
20012364,02,31,166.5866303,0,02,01,3,18,3,3,3,3,01,08,3,01,1,92,09,04,-1,-1,-1,-1,-1,-1,-1,8,01,-1,01,-1,02,-1,-1,-1,-1,05,-1,01,-1,01,-1,11.99167593,-1,02,01,CA,06,01,04,-1,-1,02,-1,-1,02,04,0,4,-1,-1,-1,01,01,12,8,53,02,01,02,-1,-1,-1,-1,-1,-1,-1,-1,-1,-1,02,-1,30,-1,03,01,04,01,01,02,01,2,01,01,06,01,07:30AM,01,18000,02,-1,15,200901,01,01,S,1500,50,3000,3000,1500,70,3000,41740,7320
20012364,03,31,491.60247244,0,02,01,3,18,3,3,3,3,01,08,2,01,1,92,09,04,-1,-1,-1,-1,-1,-1,-1,1,02,-1,01,-1,-1,02,-1,-1,-1,03,-1,02,-1,01,-1,1.6605134645,-1,02,01,CA,06,04,01,-1,-1,02,-1,-1,02,04,0,1,-1,-1,-1,01,01,0,1,20,03,01,02,-1,-1,-1,-1,-1,-1,-1,-1,-1,-1,02,-1,15,-1,03,01,04,01,02,02,01,-1,02,02,06,01,12:55PM,01,30000,02,-1,3,200901,01,01,S,1500,50,3000,3000,1500,70,3000,41740,7320
20012467,01,71,912.89926752,0,02,01,2,05,2,2,2,0,01,10,5,01,-1,52,05,03,-1,-1,-1,-1,-1,-1,-1,-1,02,-1,01,-1,02,-1,-1,-1,-1,02,-1,-1,-1,01,-1,-1,-1,-1,01,FL,12,01,-1,-1,-1,02,-1,-1,02,04,5,15,-1,-1,02,04,01,0,0,38,01,01,02,-1,-1,-1,-1,-1,-1,-1,-1,-1,-1,-1,-1,-1,-1,07,01,04,01,02,02,01,-1,-1,-1,-1,02,-1,-1,8000,02,-1,-1,200903,01,01,TC,300,30,1500,750,300,30,750,45300,8280
20012467,02,71,503.25524433,0,02,01,2,05,2,2,2,0,01,10,0,01,-1,52,05,03,-1,-1,-1,-1,-1,-1,-1,-1,02,-1,01,-1,-1,-1,-1,-1,01,02,-1,-1,-1,01,-1,-1,-1,-1,01,FL,12,03,-1,180,-1,02,-1,02,02,04,0,0,-1,-1,02,06,01,0,0,69,04,01,02,01,-1,-1,-1,-1,-1,-1,-1,-1,-1,-1,-1,-1,-1,07,01,04,01,-1,-1,04,-1,-1,-1,-1,02,-1,-1,-8,-1,-1,-1,200903,01,01,TC,300,30,1500,750,300,30,750,45300,8280
20012533,01,89,1204.5906512,0,02,01,2,05,2,2,2,1,01,02,3,02,-1,24,02,01,-1,-1,-1,-1,-1,-1,-1,-1,01,-1,01,03,-1,-1,-1,-1,-1,02,-1,-1,-1,01,-1,-1,-1,-1,01,NY,36,06,-1,-1,-1,02,-1,-1,04,06,0,0,-1,-1,02,03,01,0,-1,66,01,01,02,-1,-1,-1,-1,-1,-1,-1,-1,-1,-1,-1,-1,-1,-1,01,02,06,01,02,02,05,-1,-1,-1,-1,02,-1,-1,-8,-1,1949,-1,200903,02,03,C,1500,40,3000,3000,3000,40,7000,XXXXX,-1
20012533,02,89,1077.7843179,0,02,01,2,05,2,2,2,1,01,02,3,01,2,24,02,01,-1,-1,-1,-1,-1,-1,-1,-1,01,-1,01,-1,-1,03,-1,-1,-1,02,-1,02,-1,01,-1,1.8552033307,-1,02,01,NY,36,04,03,-1,-1,02,-1,-1,04,06,0,0,-1,-1,-1,01,01,-9,-1,53,02,02,02,-1,-1,-1,-1,-1,-1,-1,-1,-1,-1,02,-1,10,-1,01,02,06,01,02,02,05,-1,01,02,36,01,06:45AM,01,-8,-1,-1,3,200903,02,03,C,1500,40,3000,3000,3000,40,7000,XXXXX,-1
20012757,01,66,103.37345061,0,02,01,3,10,6,3,2,3,01,06,7,01,4,52,05,03,-1,-1,-1,-1,-1,-1,-1,1,01,-1,01,-1,-1,03,-1,-1,-1,03,-1,02,-1,01,-1,2.4592264428,-1,02,01,NC,37,04,02,-1,-1,02,-1,-1,02,04,0,0,-1,-1,-1,01,01,-9,1,35,01,02,02,-1,-1,-1,-1,-1,-1,-1,-1,-1,-1,02,-1,5,-1,01,01,02,01,02,02,01,-1,01,02,37,01,07:45AM,02,12000,02,-1,4,200804,01,01,TC,300,5,300,75,300,5,750,XXXXX,3120
20012757,02,66,156.52952615,0,02,01,3,10,6,3,2,3,01,06,5,01,1,52,05,03,-1,-1,-1,-1,-1,-1,-1,-1,01,-1,01,-1,-1,02,-1,-1,-1,05,-1,02,-1,01,-1,14.756535961,-1,02,01,NC,37,04,01,-1,-1,02,-1,-1,02,04,0,2,-1,-1,-1,01,01,0,0,37,02,01,02,-1,-1,-1,-1,-1,-1,-1,-1,-1,-1,02,-1,30,-1,01,01,02,01,02,02,02,-1,01,02,37,01,-8,04,15000,02,-1,25,200804,01,01,TC,300,5,300,75,300,5,750,XXXXX,3120
20012757,03,66,90.939480449,0,02,01,3,10,6,3,2,3,01,06,7,01,1,52,05,03,-1,-1,-1,-1,-1,-1,-1,-1,01,-1,01,-1,-1,02,-1,-1,-1,-1,-1,01,-1,01,-1,13.229754316,-1,02,01,NC,37,04,03,-1,-1,02,-1,-1,02,04,0,4,-1,-1,01,05,01,0,0,17,03,01,02,-1,-1,-1,-1,-1,-1,-1,-1,-1,-1,02,-1,24,-1,01,01,02,01,01,02,03,-1,02,02,37,01,09:00AM,01,8000,02,-1,20,200804,01,01,TC,300,5,300,75,300,5,750,XXXXX,3120
20012757,04,66,90.939480449,0,02,01,3,10,6,3,2,3,01,06,7,-1,-1,52,05,03,-1,-1,-1,-1,-1,-1,-1,-1,02,-1,-1,-1,-1,-1,-1,-1,-1,-1,-1,-1,-1,01,-1,-1,-1,-1,01,NC,37,-1,-1,-1,-1,-1,-1,-1,02,04,2,0,-1,-1,-1,-1,02,-1,-1,12,03,01,02,-1,-1,-1,-1,-1,-1,-1,-1,-1,-1,-1,-1,-1,-1,01,01,02,01,02,02,-1,-1,-1,-1,-1,-1,-1,-1,-1,-1,-1,-1,200804,01,01,TC,300,5,300,75,300,5,750,XXXXX,3120
20012757,05,66,90.939480449,272.81844135,02,01,3,10,6,3,2,3,01,06,7,-1,-1,52,05,03,-1,-1,-1,-1,-1,-1,-1,-1,01,05,-1,-1,-1,-1,-1,-1,-1,-1,-1,-1,-1,01,-1,-1,-1,-1,01,NC,37,-1,-1,-1,-1,-1,-1,-1,02,04,3,0,-1,-1,-1,-1,02,-1,-1,10,03,01,02,-1,02,02,05,04,05,01,01,02,03,-1,5,-1,-1,01,01,02,01,02,02,-1,-1,-1,-1,-1,-1,-1,-1,-1,-1,-1,-1,200804,01,01,TC,300,5,300,75,300,5,750,XXXXX,3120
20012757,06,66,99.930557697,0,02,01,3,10,6,3,2,3,01,06,7,-1,-1,52,05,03,-1,-1,-1,-1,-1,-1,-1,-1,01,-1,-1,-1,-1,-1,-1,-1,-1,-1,-1,-1,-1,01,-1,-1,-1,-1,01,NC,37,-1,-1,-1,-1,-1,-1,-1,02,04,4,1,-1,-1,-1,-1,02,-1,-1,8,03,02,02,-1,-1,-1,-1,-1,-1,-1,-1,-1,-1,-1,-1,-1,-1,01,01,02,01,02,02,-1,-1,-1,-1,-1,-1,-1,-1,-1,-1,-1,-1,200804,01,01,TC,300,5,300,75,300,5,750,XXXXX,3120
20013174,01,42,336.91536983,0,02,01,1,13,1,1,1,1,01,01,7,01,1,72,07,03,-1,-1,-1,-1,-1,-1,-1,0,01,-1,01,-1,03,-1,-1,-1,-1,04,-1,02,-1,01,-1,12.64909885,-1,02,01,TX,48,01,04,-1,-1,-7,-1,-1,02,05,0,7,-1,-1,-1,01,01,-9,1,51,01,01,02,-1,-1,-1,-1,-1,-1,-1,-1,-1,-1,02,-1,30,-1,04,01,04,01,01,02,01,-1,01,02,48,01,07:15AM,01,25000,02,-1,17,200812,01,01,C,1500,20,7000,1500,750,30,3000,19100,1922
20013875,01,84,1659.2657425,0,02,01,2,-7,2,2,2,2,01,02,5,01,1,72,07,03,-1,-1,-1,-1,-1,-1,-1,1,02,-1,01,-1,-1,-1,03,-1,-1,03,-1,02,-1,02,-1,7.7009325444,-1,02,01,TX,48,05,04,-1,-1,02,-1,-1,02,05,0,0,-1,02,-1,01,01,0,1,52,01,01,02,-1,-1,-1,-1,-1,-1,-1,-1,-1,-1,02,-1,10,-1,06,01,04,01,01,02,01,-1,01,02,48,01,-7,04,-8,-1,-1,0.2222,200903,02,03,U,7000,90,7000,5000,7000,95,7000,26420,3362
20013875,02,84,1662.2921318,0,02,01,2,-7,2,2,2,2,01,02,2,02,1,72,07,03,-1,-1,-1,-1,-1,-1,-1,-1,02,-1,01,-1,-1,-1,-1,-1,-1,03,-1,02,-1,01,-1,1.8100611632,-1,02,01,TX,48,-1,04,-1,-1,02,-1,-1,02,05,0,0,-1,-1,-1,01,02,0,0,45,02,02,02,-1,-1,-1,-1,-1,-1,-1,-1,-1,-1,02,-1,10,-1,06,01,04,01,02,02,01,-1,01,02,48,01,05:00PM,01,-8,-1,1999,0.2222,200903,02,03,U,7000,90,7000,5000,7000,95,7000,26420,3362
20013987,01,56,172.9970508,0,02,01,2,15,5,2,2,1,01,04,7,01,-1,52,05,03,-1,-1,-1,-1,-1,-1,-1,-1,01,-1,01,-1,-1,-1,02,-1,-1,05,-1,-1,-1,01,-1,-1,-1,-1,01,VA,51,05,-1,-1,-1,02,-1,-1,02,04,0,2,-1,-1,02,04,01,0,0,35,01,02,02,-1,-1,-1,-1,-1,-1,-1,-1,-1,-1,-1,-1,-1,-1,03,01,04,01,01,02,01,-1,-1,-1,-1,02,-1,-1,-8,-1,-1,-1,200904,01,01,C,1500,30,7000,5000,1500,20,7000,47260,5720
20013987,02,56,249.95218306,0,02,01,2,15,5,2,2,1,01,04,6,01,1,52,05,03,-1,-1,-1,-1,-1,-1,-1,-1,01,-1,01,-1,-1,-1,-1,-1,-1,05,-1,02,-1,01,-1,1.4091644445,-1,02,01,VA,51,-1,01,-1,-1,02,-1,-1,02,04,0,2,-1,-1,-1,01,02,0,0,38,02,01,02,-1,-1,-1,-1,-1,-1,-1,-1,-1,-1,02,-1,10,-1,03,01,04,01,02,02,01,-1,01,02,51,01,07:00AM,01,-8,-1,-1,4,200904,01,01,C,1500,30,7000,5000,1500,20,7000,47260,5720
20013987,03,56,151.2507546,151.2507546,02,01,2,15,5,2,2,1,01,04,7,-1,-1,52,05,03,-1,-1,-1,-1,-1,-1,-1,-1,02,-1,-1,-1,-1,-1,-1,-1,-1,-1,-1,-1,-1,01,-1,-1,-1,-1,01,VA,51,-1,-1,-1,-1,-1,-1,-1,02,04,1,0,-1,-1,-1,-1,02,-1,-1,6,03,02,02,-1,-1,-1,-1,-1,-1,-1,-1,03,-1,-1,-1,-1,-1,03,01,04,01,01,02,-1,-1,-1,-1,-1,-1,-1,-1,-1,-1,-1,-1,200904,01,01,C,1500,30,7000,5000,1500,20,7000,47260,5720
20014135,01,29,3170.6599003,0,02,01,2,11,2,3,2,2,01,02,3,01,1,32,03,02,-1,-1,-1,-1,-1,-1,-1,-1,01,-1,01,03,-1,-1,-1,-1,-1,02,-1,02,-1,01,-1,4.5442874544,-1,02,01,OH,39,06,03,-1,-1,02,-1,-1,02,04,0,7,-1,-1,-1,01,01,-9,0,48,01,02,02,-1,-1,-1,-1,-1,-1,-1,-1,-1,-1,02,-1,20,-1,04,04,06,02,02,02,01,-1,01,02,39,01,06:50AM,01,-8,-1,-1,8,200807,01,01,TC,300,5,300,75,300,5,300,17140,1642
20014135,02,29,3702.9296511,0,02,01,2,11,2,3,2,2,01,02,6,01,1,32,03,02,-1,-1,-1,-1,-1,-1,-1,-1,01,-1,01,-1,-1,-1,-1,-1,-1,02,-1,02,-1,01,-1,9.8113952732,-1,02,01,OH,39,-1,03,-1,-1,02,-1,-1,02,04,0,7,-1,-1,-1,01,02,-9,0,48,02,01,02,-1,-1,-1,-1,-1,-1,-1,-1,-1,-1,02,-1,25,-1,04,04,06,02,02,02,02,-1,01,02,39,01,05:40AM,01,-8,-1,-1,15,200807,01,01,TC,300,5,300,75,300,5,300,17140,1642
20014470,01,79,136.17656409,0,02,01,3,12,3,3,3,1,01,10,5,01,-1,92,09,04,-1,-1,-1,-1,-1,-1,-1,3,02,-1,01,-1,-1,02,-1,-1,-1,03,-1,-1,-1,01,-1,0,-1,02,01,CA,06,04,04,-1,-1,02,-1,-1,02,04,5,4,-1,-1,01,06,01,1,3,56,01,01,02,-1,-1,-1,-1,-1,-1,-1,-1,-1,-1,01,-1,-1,-1,01,01,04,01,02,02,01,-1,02,-1,06,01,-1,-1,5000,02,-1,-1,200808,01,03,C,3000,50,7000,3000,7000,60,7000,41740,7320
20014470,02,79,138.59764144,0,02,01,3,12,3,3,3,1,01,10,5,02,-1,92,09,04,02,02,02,02,02,02,02,-1,02,-1,01,-1,-1,02,-1,-1,-1,02,-1,-1,-1,01,-1,-1,-1,-1,01,CA,06,04,-1,-1,-1,01,05,-1,02,04,2,3,-1,-1,02,06,01,0,-1,57,02,02,02,-1,-1,-1,-1,-1,-1,-1,-1,-1,-1,-1,-1,-1,-1,01,01,04,01,02,02,05,-1,-1,-1,-1,02,-1,-1,-8,-1,1974,-1,200808,01,03,C,3000,50,7000,3000,7000,60,7000,41740,7320
20014470,03,79,428.58361319,0,02,01,3,12,3,3,3,1,01,10,0,01,-1,92,09,04,-1,-1,-1,-1,-1,-1,-1,-1,02,-1,01,-1,-1,02,-1,-1,-1,03,-1,-1,-1,01,-1,-1,-1,-1,01,CA,06,04,-1,4,-1,02,-1,-1,02,04,0,0,-1,-1,02,03,01,0,0,23,03,01,02,01,-1,-1,-1,-1,-1,-1,-1,-1,-1,-1,-1,-1,-1,01,01,04,01,-1,-1,01,-1,-1,-1,-1,02,-1,-1,-8,-1,-1,-1,200808,01,03,C,3000,50,7000,3000,7000,60,7000,41740,7320
20015141,01,84,34.518866704,0,02,01,2,14,4,4,2,2,01,04,8,01,2,43,04,02,-1,-1,-1,-1,-1,-1,-1,-1,01,-1,01,-1,-1,02,-1,-1,-1,03,-1,01,-1,01,-1,2.5468555089,-1,02,01,SD,46,04,01,-1,0,02,-1,-1,03,01,0,8,-1,-1,-1,01,01,0,0,37,01,02,02,-1,-1,-1,-1,-1,-1,-1,-1,-1,-1,01,-1,10,-1,04,04,06,02,01,02,01,0,01,01,46,01,07:25AM,01,10000,02,-1,6,200808,01,01,TC,300,20,300,25,300,5,300,XXXXX,XXXX
20015141,02,84,31.367946686,0,02,01,2,14,4,4,2,2,01,04,5,01,1,43,04,02,-1,-1,-1,-1,-1,-1,-1,-1,01,-1,01,-1,-1,03,-1,-1,-1,03,-1,02,-1,01,-1,5.9828570021,-1,02,01,SD,46,04,04,-1,3,02,-1,-1,03,01,0,4,-1,-1,-1,01,01,0,0,36,02,01,02,-1,-1,-1,-1,-1,-1,-1,-1,-1,-1,02,-1,15,-1,04,04,06,02,02,02,01,-1,01,02,46,01,06:30AM,04,8000,02,-1,8,200808,01,01,TC,300,20,300,25,300,5,300,XXXXX,XXXX
20015141,03,84,22.821346222,22.821346222,02,01,2,14,4,4,2,2,01,04,2,-1,-1,43,04,02,-1,-1,-1,-1,-1,-1,-1,-1,02,05,-1,-1,-1,-1,-1,-1,-1,-1,-1,-1,-1,01,-1,-1,-1,-1,01,SD,46,-1,-1,-1,-1,-1,-1,-1,03,01,4,4,-1,-1,-1,-1,02,-1,-1,11,03,02,02,-1,02,02,05,05,05,01,01,01,04,-1,15,-1,-1,04,04,06,02,02,02,-1,-1,-1,-1,-1,-1,-1,-1,-1,-1,-1,-1,200808,01,01,TC,300,20,300,25,300,5,300,XXXXX,XXXX
20015196,01,35,36.026628046,0,02,01,1,17,1,3,1,0,01,09,2,01,-1,43,04,02,-1,-1,-1,-1,-1,-1,-1,-1,01,-1,01,-1,01,-1,-1,-1,-1,03,-1,-1,-1,01,-1,-1,-1,-1,01,NE,31,01,-1,-1,-1,02,-1,-1,03,03,0,0,-1,-1,02,06,01,-9,-1,77,01,01,02,-1,-1,-1,-1,-1,-1,-1,-1,-1,-1,-1,-1,-1,-1,04,04,06,02,02,02,05,-1,-1,-1,-1,02,-1,-1,8000,02,-1,-1,200901,01,01,S,1500,5,7000,1500,1500,20,3000,XXXXX,XXXX
20015721,01,45,988.00779121,0,02,01,1,03,1,1,1,0,01,09,0,01,-1,43,04,02,-1,-1,-1,-1,-1,-1,-1,-1,02,-1,01,03,-1,-1,-1,-1,-1,02,-1,-1,-1,01,-1,-1,-1,-1,01,IA,19,06,-1,14,-1,02,-1,02,03,02,0,0,-1,-1,02,06,01,0,-1,79,01,02,02,01,-1,-1,-1,-1,-1,-1,-1,-1,-1,-1,-1,-1,-1,07,01,02,01,-1,-1,05,-1,-1,-1,-1,02,-1,-1,2000,02,-1,-1,200811,02,03,S,750,20,3000,350,1500,30,7000,XXXXX,XXXX
20016296,01,2,228.08332501,0,02,01,0,01,2,0,1,0,01,05,4,01,-1,53,05,03,-1,-1,-1,-1,-1,-1,-1,-1,02,-1,02,-1,-1,03,-1,-1,-1,01,02,-1,-1,01,-1,-1,-1,-1,01,GA,13,04,-1,-1,-1,02,-1,-1,03,02,0,15,-1,-1,02,04,01,6,0,55,01,02,02,-1,-1,-1,-1,-1,-1,-1,-1,-1,-1,-1,-1,-1,-1,04,01,02,01,02,02,01,-1,-1,-1,-1,02,-1,-1,-1,-1,-1,-1,200805,02,03,C,1500,60,3000,750,750,80,3000,XXXXX,XXXX
20016296,02,2,322.26445474,322.26445474,02,01,0,01,2,0,1,0,01,05,2,-1,-1,53,05,03,-1,-1,-1,-1,-1,-1,-1,-1,02,-1,02,-1,-1,-1,-1,-1,-1,-1,-1,-1,-1,01,-1,-1,-1,-1,01,GA,13,-1,-1,-1,-1,-1,-1,-1,03,02,0,0,-1,-1,-1,-1,02,-1,-1,15,06,02,02,-1,-1,-1,-1,-1,-1,-1,-1,03,-1,-1,-1,-1,-1,04,01,02,01,02,02,-1,-1,-1,-1,-1,-1,-1,-1,-1,-1,-1,-1,200805,02,03,C,1500,60,3000,750,750,80,3000,XXXXX,XXXX
20016867,01,97,371.99924508,0,01,07,1,02,5,1,2,1,02,04,2,01,1,83,08,04,-1,-1,-1,-1,-1,-1,-1,-1,02,-1,01,01,-1,-1,-1,-1,-1,01,-1,02,-1,01,-1,3.8889300124,-1,02,01,AZ,04,06,-1,-1,-1,02,-1,-1,03,03,0,3,-1,-1,01,03,01,0,0,28,01,01,02,-1,-1,-1,-1,-1,-1,-1,-1,-1,-1,02,-1,20,-1,01,01,03,01,02,02,01,-1,01,02,04,01,07:00AM,04,-8,-1,-1,3,200810,02,03,U,7000,70,7000,3000,7000,80,7000,XXXXX,XXXX
20017060,01,79,907.02215389,0,02,01,1,07,1,1,1,1,01,01,5,01,1,53,05,03,-1,-1,-1,-1,-1,-1,-1,2,01,-1,01,-1,01,-1,-1,-1,-1,04,-1,02,-1,01,-1,22.930960134,-1,02,01,GA,13,01,03,-1,-1,02,-1,-1,03,02,0,2,-1,-1,-1,01,01,-9,2,31,01,01,02,-1,-1,-1,-1,-1,-1,-1,-1,-1,-1,02,-1,30,-1,07,02,06,01,02,02,01,-1,01,02,13,01,07:30AM,01,20000,02,-1,25,200904,02,01,TC,50,40,300,75,300,30,300,XXXXX,XXXX
20017631,01,14,242.34706672,0,02,01,1,02,1,1,1,0,01,09,2,01,-1,32,03,02,-1,-1,-1,-1,-1,-1,-1,-1,02,-1,01,-1,-1,03,-1,-1,-1,01,-1,-1,-1,01,-1,-1,-1,-1,01,IN,18,04,-1,-1,-1,02,-1,-1,02,04,0,0,-1,-1,02,06,01,0,-1,74,01,02,02,-1,-1,-1,-1,-1,-1,-1,-1,-1,-1,-1,-1,-1,-1,05,01,04,01,01,02,05,-1,-1,-1,-1,02,-1,-1,3000,02,-1,-1,200804,01,01,C,1500,50,1500,5000,1500,40,3000,26900,3480
20017761,01,45,527.72420263,0,02,01,1,08,1,1,1,1,01,01,2,01,1,54,05,03,-1,-1,-1,-1,-1,-1,-1,-1,01,-1,01,-1,-1,03,-1,-1,-1,03,-1,02,-1,01,-1,32.713498418,-1,02,01,FL,12,04,02,-1,-1,02,-1,-1,04,06,0,20,-1,-1,-1,01,01,-9,0,21,01,02,02,-1,-1,-1,-1,-1,-1,-1,-1,-1,-1,02,-1,45,-1,06,04,06,02,01,02,02,-1,01,02,12,01,06:45AM,01,15000,02,-1,38,200807,01,04,TC,50,20,50,25,50,20,50,XXXXX,-1
20017903,01,75,210.79110159,0,02,01,2,18,5,2,2,1,01,04,9,01,-1,53,05,03,-1,-1,-1,-1,-1,-1,-1,12,01,-1,01,-1,02,-1,-1,-1,-1,05,-1,-1,-1,01,-1,-1,-1,-1,01,VA,51,01,-1,-1,-1,02,-1,-1,03,03,0,0,-1,-1,02,04,01,0,12,38,01,02,02,-1,-1,-1,-1,-1,-1,-1,-1,-1,-1,-1,-1,-1,-1,03,01,03,01,01,02,01,-1,-1,-1,-1,02,-1,-1,12000,02,-1,-1,200807,01,01,TC,750,5,1500,350,750,0,3000,40060,XXXX
20017903,02,75,312.74977602,0,02,01,2,18,5,2,2,1,01,04,6,02,2,53,05,03,-1,-1,-1,-1,-1,-1,-1,1,01,-1,01,-1,03,-1,-1,-1,-1,04,-1,01,-1,01,-1,11.449480562,-1,02,01,VA,51,01,04,-1,-1,02,-1,-1,03,03,0,3,-1,-1,01,07,01,-9,1,39,02,01,02,-1,-1,-1,-1,-1,-1,-1,-1,-1,-1,02,-1,30,-1,03,01,03,01,01,02,01,0,01,01,51,01,08:00AM,01,12000,02,1969,25,200807,01,01,TC,750,5,1500,350,750,0,3000,40060,XXXX
20017903,03,75,177.47292479,177.47292479,02,01,2,18,5,2,2,1,01,04,6,-1,-1,53,05,03,-1,-1,-1,-1,-1,-1,-1,-1,01,04,-1,-1,-1,-1,-1,-1,-1,-1,-1,-1,-1,01,-1,-1,00,-1,01,VA,51,-1,-1,-1,-1,-1,-1,-1,03,03,1,2,-1,-1,-1,-1,02,-1,-1,6,03,01,02,-1,04,02,04,05,05,11,11,01,03,-1,5,-1,-1,03,01,03,01,01,02,-1,-1,-1,-1,-1,-1,-1,-1,-1,-1,-1,-1,200807,01,01,TC,750,5,1500,350,750,0,3000,40060,XXXX
20017949,01,51,257.62470129,0,02,01,4,-7,5,4,2,1,01,06,8,01,1,72,07,03,-1,-1,-1,-1,-1,-1,-1,2,01,-1,01,-1,-1,02,-1,-1,-1,04,-1,01,-1,01,-1,8.1371075901,-1,02,01,TX,48,04,04,-1,-1,02,-1,-1,02,05,1,2,-1,-1,-1,01,01,0,5,49,01,01,02,-1,-1,-1,-1,-1,-1,-1,-1,-1,-1,01,-1,25,-1,05,01,04,01,02,02,01,2,01,01,48,01,08:00AM,01,25000,02,-1,13,200809,01,01,S,300,0,1500,350,300,0,1500,19100,1922
20017949,02,51,251.16696105,0,02,01,4,-7,5,4,2,1,01,06,7,01,-1,72,07,03,-1,-1,-1,-1,-1,-1,-1,3,01,-1,01,-1,-1,01,-1,-1,-1,04,-1,-1,-1,01,-1,-1,-1,-1,01,TX,48,04,-1,-1,-1,02,-1,-1,02,05,0,1,-1,-1,02,04,01,0,3,48,02,02,02,-1,-1,-1,-1,-1,-1,-1,-1,-1,-1,-1,-1,-1,-1,05,01,04,01,01,02,01,-1,-1,-1,-1,02,-1,-1,-8,-1,-1,-1,200809,01,01,S,300,0,1500,350,300,0,1500,19100,1922
20017949,03,51,357.01983092,0,02,01,4,-7,5,4,2,1,01,06,11,01,-1,72,07,03,-1,-1,-1,-1,-1,-1,-1,-1,01,-1,01,-1,-1,02,-1,-1,-1,-1,-1,-1,-1,01,-1,-1,-1,-1,01,TX,48,04,-1,-1,-1,02,-1,-1,02,05,0,2,-1,-1,02,05,01,0,0,17,03,02,02,-1,-1,-1,-1,-1,-1,-1,-1,-1,-1,-1,-1,-1,-1,05,01,04,01,01,02,02,-1,-1,-1,-1,02,-1,-1,-8,-1,-1,-1,200809,01,01,S,300,0,1500,350,300,0,1500,19100,1922
20017949,04,51,357.25422357,0,02,01,4,-7,5,4,2,1,01,06,6,01,-1,72,07,03,-1,-1,-1,-1,-1,-1,-1,-1,01,-1,01,02,-1,-1,-1,-1,-1,-1,-1,-1,-1,01,-1,-1,-1,-1,01,TX,48,06,-1,-1,-1,02,-1,-1,02,05,0,4,-1,-1,02,05,01,0,0,16,03,01,02,-1,-1,-1,-1,-1,-1,-1,-1,-1,-1,-1,-1,-1,-1,05,01,04,01,02,02,01,-1,-1,-1,-1,02,-1,-1,2000,02,-1,-1,200809,01,01,S,300,0,1500,350,300,0,1500,19100,1922
20017949,05,51,339.28348953,339.28348953,02,01,4,-7,5,4,2,1,01,06,5,-1,-1,72,07,03,-1,-1,-1,-1,-1,-1,-1,-1,01,04,-1,-1,-1,-1,-1,-1,-1,-1,-1,-1,-1,01,-1,-1,-8,-1,01,TX,48,-1,-1,-1,-1,-1,-1,-1,02,05,2,0,-1,-1,-1,-1,02,-1,-1,11,03,01,02,-1,04,01,03,04,03,01,01,01,02,-1,6,-1,-1,05,01,04,01,01,02,-1,-1,-1,-1,-1,-1,-1,-1,-1,-1,-1,-1,200809,01,01,S,300,0,1500,350,300,0,1500,19100,1922
20018991,01,97,386.9709513,0,02,01,1,10,1,1,1,1,01,01,9,01,-1,24,02,01,-1,-1,-1,-1,-1,-1,-1,1,01,-1,01,-1,-1,03,-1,-1,-1,05,-1,-1,-1,02,-1,0,-1,01,01,NY,36,04,04,-1,-1,02,-1,-1,04,06,0,23,02,01,-1,01,01,10,3,37,01,02,02,-1,-1,-1,-1,-1,-1,-1,-1,-1,-1,01,-1,-1,-1,04,02,06,01,02,02,01,-1,01,-1,36,01,-1,-1,15000,02,-1,-1,200808,02,03,TC,300,60,1500,3000,1500,70,3000,XXXXX,-1
20019121,01,53,391.39969091,0,02,01,2,02,2,2,2,1,02,02,8,01,1,54,05,03,-1,-1,-1,-1,-1,-1,-1,-1,01,-1,01,03,-1,-1,-1,-1,-1,01,-1,02,-1,01,-1,12.541634614,-1,02,01,GA,13,06,04,-1,-1,02,-1,-1,04,06,0,14,-1,-1,-1,01,01,0,-1,57,01,02,02,-1,-1,-1,-1,-1,-1,-1,-1,-1,-1,02,-1,20,-1,06,04,06,02,02,02,05,-1,02,02,13,01,07:55AM,01,-8,-1,-1,17,200903,02,04,TC,50,20,50,25,50,20,50,XXXXX,-1
20019194,01,6,1098.0000273,0,01,06,0,-8,2,0,2,0,02,02,0,02,-1,21,02,01,-1,-1,-1,-1,-1,-1,-1,-1,02,-1,02,02,-1,-1,-1,-1,-1,01,02,-1,-1,01,-1,-1,-1,-1,01,NY,36,06,-1,1,-1,02,-1,-1,01,05,0,3,-1,-1,02,04,01,6,-1,56,01,02,01,01,-1,-1,-1,-1,-1,-1,-1,-1,-1,-1,-1,-1,-1,05,01,05,01,-1,-1,05,-1,-1,-1,-1,02,-1,-1,-1,-1,1971,-1,200810,02,03,U,30000,95,30000,5000,30000,90,30000,35620,5602
20019215,01,39,706.59577429,0,02,01,5,18,5,4,4,4,01,08,3,01,1,53,05,03,-1,-1,-1,-1,-1,-1,-1,2,01,-1,01,02,-1,-1,-1,-1,-1,04,-1,01,-1,01,-1,21.320629837,-1,02,01,FL,12,06,04,-1,-1,02,-1,-1,03,02,0,1,-1,-1,-1,01,01,-9,2,49,01,01,02,-1,-1,-1,-1,-1,-1,-1,-1,-1,-1,02,-1,30,-1,03,01,02,01,01,02,01,-1,01,02,12,01,07:30AM,01,10000,02,-1,22,200902,01,01,C,1500,20,3000,1500,1500,5,3000,XXXXX,XXXX
20019215,02,39,642.87642733,0,02,01,5,18,5,4,4,4,01,08,6,01,1,53,05,03,-1,-1,-1,-1,-1,-1,-1,4,01,-1,01,-1,-1,-1,03,-1,-1,04,-1,01,-1,01,-1,15.682415141,-1,02,01,FL,12,05,04,-1,-1,02,-1,-1,03,02,0,10,-1,-1,-1,01,01,-9,4,46,02,02,02,-1,-1,-1,-1,-1,-1,-1,-1,-1,-1,02,-1,30,-1,03,01,02,01,02,02,01,-1,01,02,12,01,06:45AM,04,-8,-1,-1,21,200902,01,01,C,1500,20,3000,1500,1500,5,3000,XXXXX,XXXX
20019215,03,39,1907.9089834,0,02,01,5,18,5,4,4,4,01,08,2,01,2,53,05,03,-1,-1,-1,-1,-1,-1,-1,-1,01,-1,01,03,-1,-1,-1,-1,-1,02,-1,02,-1,01,-1,5.5465170007,-1,02,01,FL,12,06,01,-1,-1,02,-1,-1,03,02,0,7,-1,-1,-1,01,01,0,0,19,03,01,02,-1,-1,-1,-1,-1,-1,-1,-1,-1,-1,02,-1,15,-1,03,01,02,01,02,02,01,-1,02,02,12,01,05:00PM,01,10000,02,-1,7,200902,01,01,C,1500,20,3000,1500,1500,5,3000,XXXXX,XXXX
20019215,04,39,816.83959031,0,02,01,5,18,5,4,4,4,01,08,2,01,-1,53,05,03,-1,-1,-1,-1,-1,-1,-1,2,02,-1,01,02,-1,-1,-1,-1,-1,-1,-1,-1,-1,01,-1,-1,-1,-1,01,FL,12,06,-1,-1,-1,02,-1,-1,03,02,0,6,-1,-1,02,05,01,0,2,16,03,01,02,-1,-1,-1,-1,-1,-1,-1,-1,-1,-1,-1,-1,-1,-1,03,01,02,01,02,02,01,-1,-1,-1,-1,02,-1,-1,25,02,-1,-1,200902,01,01,C,1500,20,3000,1500,1500,5,3000,XXXXX,XXXX
20019215,05,39,1907.9089834,0,02,01,5,18,5,4,4,4,01,08,5,02,1,53,05,03,-1,-1,-1,-1,-1,-1,-1,3,01,-1,01,-1,-1,-1,01,-1,-1,02,-1,02,-1,01,-1,3.869039963,-1,02,01,FL,12,05,01,-1,-1,02,-1,-1,03,02,0,2,-1,-1,01,05,01,0,10,19,08,01,02,-1,-1,-1,-1,-1,-1,-1,-1,-1,-1,02,-1,25,-1,03,01,02,01,02,02,01,-1,02,02,12,01,08:30AM,01,5000,02,1997,9,200902,01,01,C,1500,20,3000,1500,1500,5,3000,XXXXX,XXXX
20019327,01,97,1545.140716,0,02,02,1,12,1,2,1,1,01,01,2,01,1,53,05,03,-1,-1,-1,-1,-1,-1,-1,-1,02,-1,01,03,-1,-1,-1,-1,-1,03,-1,02,-1,01,-1,16.096205344,-1,02,01,SC,45,06,04,-1,-1,02,-1,-1,03,03,0,5,-1,-1,-1,01,01,0,0,58,01,01,02,-1,-1,-1,-1,-1,-1,-1,-1,-1,-1,02,-1,30,-1,04,01,02,01,01,02,04,-1,01,02,45,01,07:15AM,01,14000,02,-1,23,200807,01,01,S,750,30,3000,750,750,20,3000,XXXXX,XXXX
20019336,01,98,128.55399654,0,02,01,1,08,1,1,1,0,01,09,9,01,-1,23,02,01,-1,-1,-1,-1,-1,-1,-1,-1,01,-1,01,02,-1,-1,-1,-1,-1,02,-1,-1,-1,01,-1,-1,-1,-1,01,NY,36,06,-1,-1,-1,02,-1,-1,03,03,0,0,-1,-1,02,06,01,0,0,77,01,02,02,-1,-1,-1,-1,-1,-1,-1,-1,-1,-1,-1,-1,-1,-1,07,01,03,01,01,02,02,-1,-1,-1,-1,02,-1,-1,-8,-1,-1,-1,200808,02,03,S,3000,50,7000,3000,3000,40,7000,XXXXX,XXXX
20019420,01,91,192.01085879,0,01,01,1,10,1,1,1,0,01,09,8,01,-1,73,07,03,-1,-1,-1,-1,-1,-1,-1,-1,01,-1,01,-1,-1,-1,02,-1,-1,05,-1,-1,-1,01,-1,-1,-1,-1,01,TX,48,05,-1,-1,-1,02,-1,-1,03,02,0,6,-1,-1,02,06,01,0,-1,65,01,02,02,-1,-1,-1,-1,-1,-1,-1,-1,-1,-1,-1,-1,-1,-1,02,01,01,01,01,02,05,-1,-1,-1,-1,02,-1,-1,1500,02,-1,-1,200901,01,01,S,1500,30,7000,5000,1500,20,3000,XXXXX,XXXX
20020079,01,28,274.09060294,0,02,01,2,17,2,2,2,1,01,02,2,01,1,52,05,03,-1,-1,-1,-1,-1,-1,-1,1,01,-1,01,-1,03,-1,-1,-1,-1,04,-1,02,-1,01,-1,8.7680653646,-1,02,01,FL,12,01,04,-1,-1,02,-1,-1,02,04,0,0,-1,-1,01,07,01,0,1,49,01,01,02,-1,-1,-1,-1,-1,-1,-1,-1,-1,-1,02,-1,25,-1,05,01,04,01,02,02,01,-1,01,02,12,01,11:30AM,01,11000,02,-1,15,200811,01,01,S,1500,5,3000,750,1500,20,7000,36740,5960
20020079,02,28,242.39059154,0,02,01,2,17,2,2,2,1,01,02,0,01,-1,52,05,03,-1,-1,-1,-1,-1,-1,-1,5,02,-1,01,-1,-1,-1,-1,-1,-1,03,-1,-1,-1,01,-1,-1,-1,-1,01,FL,12,-1,-1,1,-1,02,-1,-1,02,04,0,2,-1,-1,02,07,02,0,5,60,02,02,02,01,-1,-1,-1,-1,-1,-1,-1,-1,-1,-1,-1,-1,-1,05,01,04,01,-1,-1,01,-1,-1,-1,-1,02,-1,-1,10000,02,-1,-1,200811,01,01,S,1500,5,3000,750,1500,20,7000,36740,5960
20020248,01,17,2262.2895896,0,02,01,4,11,5,3,3,3,01,06,5,01,1,51,05,03,-1,-1,-1,-1,-1,-1,-1,20,01,-1,01,-1,-1,02,-1,-1,-1,02,-1,02,-1,01,-1,12.608143274,-1,01,01,GA,13,04,03,-1,-1,02,-1,-1,01,05,0,10,-1,-1,-1,01,01,-9,20,41,01,01,01,-1,-1,-1,-1,-1,-1,-1,-1,-1,-1,02,-1,20,-1,07,04,06,02,01,02,01,-1,01,02,13,01,07:00AM,04,25000,02,-1,17,200808,01,01,TC,50,30,50,25,50,20,50,12060,0520
20020248,02,17,2349.2342653,0,02,01,4,11,5,3,3,3,01,06,5,01,2,51,05,03,-1,-1,-1,-1,-1,-1,-1,15,02,-1,01,-1,-1,02,-1,-1,-1,02,-1,01,-1,01,-1,11.689579453,-1,02,01,GA,13,04,01,-1,-1,02,-1,-1,01,05,0,20,-1,-1,-1,01,01,-9,15,40,02,02,01,-1,-1,-1,-1,-1,-1,-1,-1,-1,-1,02,-1,17,-1,07,04,06,02,01,02,01,-1,01,02,13,01,07:30AM,01,25000,02,-1,12,200808,01,01,TC,50,30,50,25,50,20,50,12060,0520
20020248,03,17,4422.6239661,0,02,01,4,11,5,3,3,3,01,06,5,01,1,51,05,03,-1,-1,-1,-1,-1,-1,-1,-1,01,-1,01,-1,-1,-1,-1,-1,-1,02,-1,02,-1,01,-1,12.358369622,-1,02,01,GA,13,-1,03,-1,-1,02,-1,-1,01,05,0,15,-1,-1,-1,01,02,-9,0,18,03,01,01,-1,-1,-1,-1,-1,-1,-1,-1,-1,-1,02,-1,30,-1,07,04,06,02,01,02,01,-1,01,02,13,01,07:30AM,04,30000,02,-1,20,200808,01,01,TC,50,30,50,25,50,20,50,12060,0520
20020248,04,17,2071.0164226,4142.0328451,02,01,4,11,5,3,3,3,01,06,5,-1,-1,51,05,03,-1,-1,-1,-1,-1,-1,-1,-1,02,05,01,-1,-1,-1,-1,-1,-1,-1,-1,-1,-1,01,-1,-1,-1,-1,01,GA,13,-1,-1,-1,-1,-1,-1,-1,01,05,0,20,-1,-1,-1,-1,02,-1,-1,15,03,02,01,-1,04,02,05,05,05,01,01,02,01,-1,10,-1,-1,07,04,06,02,01,02,-1,-1,-1,-1,-1,-1,-1,-1,-1,-1,-1,-1,200808,01,01,TC,50,30,50,25,50,20,50,12060,0520
20020248,05,17,1799.3804322,0,02,01,4,11,5,3,3,3,01,06,5,-1,-1,51,05,03,-1,-1,-1,-1,-1,-1,-1,-1,02,-1,-1,-1,-1,-1,-1,-1,-1,-1,-1,-1,-1,01,-1,-1,-1,-1,01,GA,13,-1,-1,-1,-1,-1,-1,-1,01,05,0,15,-1,-1,-1,-1,02,-1,-1,12,03,01,01,-1,-1,-1,-1,-1,-1,-1,-1,-1,-1,-1,-1,-1,-1,07,04,06,02,01,02,-1,-1,-1,-1,-1,-1,-1,-1,-1,-1,-1,-1,200808,01,01,TC,50,30,50,25,50,20,50,12060,0520
20020846,01,5,769.43362915,0,01,01,3,17,3,3,3,1,01,10,4,02,-1,52,05,03,-1,-1,-1,-1,-1,-1,-1,-1,01,-1,01,01,-1,-1,-1,-1,-1,04,-1,-1,-1,01,-1,-1,-1,-1,01,FL,12,06,-1,-1,-1,02,-1,-1,02,04,0,14,-1,-1,02,06,01,-9,0,61,01,01,02,-1,-1,-1,-1,-1,-1,-1,-1,-1,-1,-1,-1,-1,-1,01,01,01,01,02,02,01,-1,-1,-1,-1,02,-1,-1,3000,02,1950,-1,200901,01,01,S,750,40,3000,750,750,40,3000,36740,5960
20020846,02,5,1746.4809615,0,01,01,3,17,3,3,3,1,01,10,3,02,1,52,05,03,-1,-1,-1,-1,-1,-1,-1,1,01,-1,01,-1,-1,-1,-1,-1,-1,04,-1,02,-1,01,-1,2.8445986547,-1,02,01,FL,12,-1,01,-1,-1,02,-1,-1,02,04,0,0,-1,-1,-1,01,02,-9,1,24,03,02,02,-1,-1,-1,-1,-1,-1,-1,-1,-1,-1,02,-1,6,-1,01,01,01,01,02,02,01,-1,01,02,12,01,03:00PM,01,18000,02,2000,3,200901,01,01,S,750,40,3000,750,750,40,3000,36740,5960
20020846,03,5,769.3932754,0,01,01,3,17,3,3,3,1,01,10,0,02,-1,52,05,03,-1,-1,-1,-1,-1,-1,-1,-1,01,-1,01,-1,-1,-1,-1,-1,-1,02,-1,-1,-1,01,-1,-1,-1,-1,01,FL,12,-1,-1,3,-1,02,-1,-1,02,04,0,0,-1,-1,02,04,02,-9,0,61,02,02,02,01,-1,-1,-1,-1,-1,-1,-1,-1,-1,-1,-1,-1,-1,01,01,01,01,-1,-1,01,-1,-1,-1,-1,02,-1,-1,2000,02,2000,-1,200901,01,01,S,750,40,3000,750,750,40,3000,36740,5960
20020864,01,53,1.2472522524,0,02,01,1,18,1,3,1,0,01,09,6,01,-1,52,05,03,01,02,01,02,02,02,02,-1,01,-1,01,-1,-1,-1,02,-1,-1,04,-1,-1,-1,01,-1,-1,-1,-1,01,NC,37,05,-1,-1,-1,01,03,-1,02,04,0,24,-1,-1,02,06,01,0,-1,84,01,02,02,-1,-1,-1,-1,-1,-1,-1,-1,-1,-1,-1,-1,-1,-1,03,01,02,01,01,02,05,-1,-1,-1,-1,02,-1,-1,10000,02,-1,-1,200812,01,01,TC,300,5,300,75,300,0,750,XXXXX,3120
20020976,01,32,175.37210139,0,01,07,3,06,4,2,4,1,01,10,0,02,-1,92,09,04,02,02,01,01,02,02,01,-1,01,-1,02,-1,-1,-1,-1,-1,-1,01,01,-1,-1,01,-1,-1,-1,-1,01,CA,06,-1,-1,7,-1,01,04,-1,02,04,0,1,-1,-1,02,06,02,0,-1,75,01,02,02,01,-1,-1,-1,-1,-1,-1,-1,-1,-1,-1,-1,-1,-1,03,01,04,01,-1,-1,05,-1,-1,-1,-1,02,-1,-1,-1,-1,1952,-1,200810,01,01,U,7000,70,17000,3000,7000,70,30000,41740,7320
20020976,02,32,190.54329342,0,01,07,3,06,4,2,4,1,01,10,0,01,-1,92,09,04,-1,-1,-1,-1,-1,-1,-1,-1,01,-1,01,-1,-1,-1,-1,-1,-1,01,-1,-1,-1,01,-1,-1,-1,-1,01,CA,06,-1,-1,2,-1,02,-1,-1,02,04,0,0,-1,-1,02,06,02,0,-1,75,02,01,02,01,-1,-1,-1,-1,-1,-1,-1,-1,-1,-1,-1,-1,-1,03,01,04,01,-1,-1,05,-1,-1,-1,-1,02,-1,-1,10,02,-1,-1,200810,01,01,U,7000,70,17000,3000,7000,70,30000,41740,7320
20020976,03,32,208.64205088,0,01,07,3,06,4,2,4,1,01,10,2,01,1,92,09,04,-1,-1,-1,-1,-1,-1,-1,-1,01,-1,01,-1,-1,03,-1,-1,-1,02,-1,01,-1,01,-1,6.4058288903,-1,02,01,CA,06,04,02,-1,-1,02,-1,-1,02,04,0,0,-1,-1,-1,01,01,0,0,48,03,02,02,-1,-1,-1,-1,-1,-1,-1,-1,-1,-1,02,-1,12,-1,03,01,04,01,01,02,02,-1,01,02,06,01,09:45AM,01,13000,02,-1,8,200810,01,01,U,7000,70,17000,3000,7000,70,30000,41740,7320
20020976,04,32,728.57331712,0,01,07,3,06,4,2,4,1,01,10,2,01,-1,92,09,04,-1,-1,-1,-1,-1,-1,-1,-1,01,-1,01,-1,-1,-1,-1,-1,-1,01,02,-1,-1,01,-1,-1,-1,-1,01,CA,06,-1,-1,-1,-1,02,-1,-1,02,04,2,5,-1,-1,02,05,02,10,0,18,06,01,02,-1,-1,-1,-1,-1,-1,-1,-1,-1,-1,-1,-1,-1,-1,03,01,04,01,02,01,02,-1,-1,-1,-1,02,-1,-1,-1,-1,-1,-1,200810,01,01,U,7000,70,17000,3000,7000,70,30000,41740,7320
20021227,01,34,2484.1967271,0,01,07,3,03,6,3,4,2,02,06,4,02,-1,93,09,04,-1,-1,-1,-1,-1,-1,-1,-1,02,-1,01,-1,-1,02,-1,-1,-1,01,-1,02,-1,01,-1,2.5872845431,-1,02,01,CA,06,04,03,-1,-1,02,-1,-1,03,02,0,6,-1,-1,-1,02,01,0,-1,54,01,01,02,-1,-1,-1,-1,-1,-1,-1,-1,-1,-1,02,-1,-5,-1,01,04,06,02,02,02,05,-1,02,02,06,01,-8,-1,15000,02,1975,1,200902,02,03,TC,50,40,50,25,50,30,50,XXXXX,XXXX
20021227,02,34,2952.5285714,0,01,07,3,03,6,3,4,2,02,06,9,02,1,93,09,04,-1,-1,-1,-1,-1,-1,-1,-1,02,-1,01,-1,03,-1,-1,-1,-1,01,-1,01,-1,01,-1,2.283416342,-1,02,01,CA,06,01,03,-1,-1,02,-1,-1,03,02,0,2,-1,-1,-1,01,01,0,-1,52,02,02,02,-1,-1,-1,-1,-1,-1,-1,-1,-1,-1,02,-1,5,-1,01,04,06,02,02,02,05,-1,02,02,06,01,09:00AM,01,15000,02,1981,1,200902,02,03,TC,50,40,50,25,50,30,50,XXXXX,XXXX
20021227,04,34,3862.8662192,0,01,07,3,03,6,3,4,2,02,06,4,01,-1,93,09,04,-1,-1,-1,-1,-1,-1,-1,-1,01,-1,02,-1,-1,-1,02,-1,-1,03,01,-1,-1,01,-1,-1,-1,-1,01,CA,06,05,-1,-1,-1,02,-1,-1,03,02,0,3,-1,-1,02,05,01,0,0,18,03,01,02,-1,-1,-1,-1,-1,-1,-1,-1,-1,-1,-1,-1,-1,-1,01,04,06,02,02,02,02,-1,-1,-1,-1,02,-1,-1,-1,-1,-1,-1,200902,02,03,TC,50,40,50,25,50,30,50,XXXXX,XXXX
20021227,05,34,3733.9030624,0,01,07,3,03,6,3,4,2,02,06,3,01,-1,93,09,04,-1,-1,-1,-1,-1,-1,-1,-1,01,-1,02,-1,01,-1,-1,-1,-1,-1,-1,-1,-1,01,-1,-1,-1,-1,01,CA,06,01,-1,-1,-1,02,-1,-1,03,02,0,10,-1,-1,02,05,01,0,0,16,03,02,02,-1,-1,-1,-1,-1,-1,-1,-1,-1,-1,-1,-1,-1,-1,01,04,06,02,02,02,03,-1,-1,-1,-1,02,-1,-1,-1,-1,-1,-1,200902,02,03,TC,50,40,50,25,50,30,50,XXXXX,XXXX
20021227,06,34,3733.9030624,3733.9030624,01,07,3,03,6,3,4,2,02,06,6,-1,-1,93,09,04,-1,-1,-1,-1,-1,-1,-1,-1,02,03,-1,-1,-1,-1,-1,-1,-1,-1,-1,-1,1,01,-1,-1,01,-1,01,CA,06,-1,-1,-1,-1,-1,-1,-1,03,02,0,10,-1,-1,-1,-1,02,-1,-1,12,03,02,02,-1,04,01,01,01,05,23,23,01,01,-1,10,-1,1,01,04,06,02,02,02,-1,-1,-1,-1,-1,-1,-1,-1,-1,-1,-1,-1,200902,02,03,TC,50,40,50,25,50,30,50,XXXXX,XXXX
20021870,01,29,493.32714205,0,02,02,0,04,1,1,1,0,01,09,0,01,-1,93,09,04,02,02,02,01,02,02,02,-1,02,-1,02,-1,-1,-8,-1,-1,-1,01,01,-1,-1,01,-1,-1,-1,-1,01,CA,06,04,-1,13,-1,01,01,02,03,02,0,4,-1,-1,02,06,01,0,-1,92,01,01,02,01,-1,-1,-1,-1,-1,-1,-1,-1,-1,-1,-1,-1,-1,04,01,01,01,-1,-1,05,-1,-1,-1,-1,02,-1,-1,-1,-1,-1,-1,200902,01,01,C,3000,70,17000,3000,3000,50,17000,XXXXX,XXXX
20021889,01,66,7969.7571047,0,02,01,2,18,2,2,2,2,01,02,2,01,-1,21,02,01,-1,-1,-1,-1,-1,-1,-1,0,01,-1,01,-1,-1,03,-1,-1,-1,05,-1,-1,-1,01,-1,0,-1,02,01,PA,42,04,04,-1,-1,02,-1,-1,01,05,0,30,-1,-1,-1,01,01,10,1,54,01,02,01,-1,-1,-1,-1,-1,-1,-1,-1,-1,-1,02,-1,-1,-1,03,01,05,01,01,02,01,-1,01,-1,42,01,-1,-1,18000,02,-1,-1,200805,01,02,S,1500,30,7000,1500,3000,50,7000,37980,6162
20021889,02,66,11044.132528,0,02,01,2,18,2,2,2,2,01,02,0,01,-1,21,02,01,-1,-1,-1,-1,-1,-1,-1,-1,01,-1,01,-1,-1,-1,-1,-1,-1,05,-1,01,-1,02,-1,0.5511995678,-1,02,01,PA,42,-1,04,-1,-1,02,-1,-1,01,05,0,0,01,01,01,07,02,5,-8,54,02,01,01,-1,-1,-1,-1,-1,-1,-1,-1,-1,-1,02,-1,-4,-1,03,01,05,01,-1,-1,01,-1,01,02,42,01,08:30AM,-1,26000,02,-1,0.5555,200805,01,02,S,1500,30,7000,1500,3000,50,7000,37980,6162
20022251,01,40,30.194199292,0,02,01,1,05,1,1,1,0,01,09,6,01,-1,52,05,03,-1,-1,-1,-1,-1,-1,-1,-1,01,-1,01,-1,-1,02,-1,-1,-1,04,-1,-1,-1,01,-1,-1,-1,-1,01,NC,37,04,-1,-1,-1,02,-1,-1,02,04,0,4,-1,-1,02,06,01,-9,-1,68,01,02,02,-1,-1,-1,-1,-1,-1,-1,-1,-1,-1,-1,-1,-1,-1,05,04,06,02,02,02,05,-1,-1,-1,-1,02,-1,-1,1200,02,-1,-1,200903,01,02,TC,300,20,750,750,300,20,750,XXXXX,3120
20023100,01,31,109.14744623,0,02,01,2,15,2,3,2,2,01,02,2,01,1,21,02,01,-1,-1,-1,-1,-1,-1,-1,-1,01,-1,01,-1,-1,02,-1,-1,-1,04,-1,02,-1,01,-1,9.0932115057,-1,02,01,NY,36,04,04,-1,-1,02,-1,-1,01,05,0,4,-1,-1,-1,01,01,0,0,47,01,02,01,-1,-1,-1,-1,-1,-1,-1,-1,-1,-1,02,-1,20,-1,05,01,02,01,02,02,03,-1,01,02,36,01,07:30AM,01,4000,02,-1,9,200807,01,02,TC,300,5,750,150,300,5,300,XXXXX,5602
20023100,02,31,274.48239067,0,02,01,2,15,2,3,2,2,01,02,2,01,1,21,02,01,-1,-1,-1,-1,-1,-1,-1,1,01,-1,01,-1,-1,-1,02,-1,-1,03,-1,02,-1,01,-1,13.389803859,-1,02,01,NY,36,05,04,-1,-1,02,-1,-1,01,05,0,0,-1,-1,-1,01,01,0,1,43,02,01,01,-1,-1,-1,-1,-1,-1,-1,-1,-1,-1,02,-1,30,-1,05,01,02,01,02,02,01,-1,01,02,36,01,07:00AM,01,15000,02,-1,17,200807,01,02,TC,300,5,750,150,300,5,300,XXXXX,5602
20023230,01,12,307.27001424,0,02,01,2,16,4,2,2,2,01,04,5,01,3,72,07,03,-1,-1,-1,-1,-1,-1,-1,-1,01,-1,01,02,-1,-1,-1,-1,-1,05,-1,02,-1,01,-1,2.9729226847,-1,02,01,TX,48,06,04,-1,-1,02,-1,-1,02,04,0,4,-1,-1,-1,01,01,0,0,36,01,02,02,-1,-1,-1,-1,-1,-1,-1,-1,-1,-1,02,-1,10,-1,07,01,03,01,02,02,01,-1,01,02,48,01,07:00AM,01,12000,02,-1,8,200902,01,01,S,1500,0,3000,750,750,0,3000,12420,0640
20023230,02,12,471.78189418,0,02,01,2,16,4,2,2,2,01,04,2,01,-1,72,07,03,-1,-1,-1,-1,-1,-1,-1,-1,01,-1,01,-1,-1,03,-1,-1,-1,03,-1,-1,-1,01,-1,0,-1,02,01,TX,48,04,03,-1,-1,02,-1,-1,02,04,0,0,-1,-1,-1,01,01,0,0,36,02,01,02,-1,-1,-1,-1,-1,-1,-1,-1,-1,-1,01,-1,-1,-1,07,01,03,01,02,02,01,-1,01,-1,48,01,-1,-1,28000,02,-1,-1,200902,01,01,S,1500,0,3000,750,750,0,3000,12420,0640
20023230,04,12,294.92211645,294.92211645,02,01,2,16,4,2,2,2,01,04,4,-1,-1,72,07,03,-1,-1,-1,-1,-1,-1,-1,-1,01,05,-1,-1,-1,-1,-1,-1,-1,-1,-1,-1,-1,01,-1,-1,-1,-1,01,TX,48,-1,-1,-1,-1,-1,-1,-1,02,04,2,4,-1,-1,-1,-1,02,-1,-1,6,03,01,02,-1,04,01,01,04,05,01,01,01,01,-1,10,-1,-1,07,01,03,01,02,02,-1,-1,-1,-1,-1,-1,-1,-1,-1,-1,-1,-1,200902,01,01,S,1500,0,3000,750,750,0,3000,12420,0640
20023717,01,1,14.569123801,0,02,01,2,17,2,3,2,0,02,02,10,01,-1,52,05,03,-1,-1,-1,-1,-1,-1,-1,1,01,-1,01,-1,-1,03,-1,-1,-1,04,-1,-1,-1,01,-1,-1,-1,-1,01,NC,37,04,-1,-1,-1,02,-1,-1,02,04,0,4,-1,-1,02,03,01,-9,1,55,01,02,02,-1,-1,-1,-1,-1,-1,-1,-1,-1,-1,-1,-1,-1,-1,06,01,01,01,01,02,01,-1,-1,-1,-1,02,-1,-1,15000,02,-1,-1,200904,01,01,TC,300,40,750,350,300,30,1500,XXXXX,3120
20024170,01,24,185.13700982,0,02,01,2,18,2,2,2,1,01,02,2,02,1,52,05,03,-1,-1,-1,-1,-1,-1,-1,-1,01,-1,01,-1,03,-1,-1,-1,-1,05,-1,01,-1,01,-1,8.0343308737,-1,02,01,FL,12,01,04,-1,-1,02,-1,-1,02,04,0,7,-1,-1,-1,01,01,0,0,58,01,02,02,-1,-1,-1,-1,-1,-1,-1,-1,-1,-1,02,-1,25,-1,02,01,03,01,01,02,01,-1,01,02,12,01,06:00AM,01,10000,02,1950,13,200808,01,01,S,300,20,1500,150,300,20,1500,27260,3600
20024170,02,24,238.2763218,0,02,01,2,18,2,2,2,1,01,02,0,01,-1,52,05,03,-1,-1,-1,-1,-1,-1,-1,4,02,-1,01,-1,-1,-1,-1,-1,-1,04,-1,-1,-1,01,-1,-1,-1,-1,01,FL,12,-1,-1,1,-1,02,-1,-1,02,04,0,5,-1,-1,02,07,02,0,4,57,02,01,02,01,-1,-1,-1,-1,-1,-1,-1,-1,-1,-1,-1,-1,-1,02,01,03,01,-1,-1,01,-1,-1,-1,-1,02,-1,-1,8000,02,-1,-1,200808,01,01,S,300,20,1500,150,300,20,1500,27260,3600
20024442,01,82,37.835841577,0,02,01,2,18,4,3,2,1,01,06,2,01,-1,92,09,04,-1,-1,-1,-1,-1,-1,-1,20,01,-1,01,-1,-1,01,-1,-1,-1,04,-1,-1,-1,01,-1,0,-1,01,01,CA,06,04,04,-1,-1,02,-1,-1,02,04,0,3,-1,-1,-1,01,01,0,20,46,01,01,02,-1,-1,-1,-1,-1,-1,-1,-1,-1,-1,01,-1,-1,-1,02,01,04,01,02,02,01,-1,01,-1,06,01,-1,-1,5000,02,-1,-1,200808,01,01,S,3000,20,7000,750,3000,20,7000,41740,7320
20024442,02,82,56.715344393,0,02,01,2,18,4,3,2,1,01,06,5,01,-1,92,09,04,-1,-1,-1,-1,-1,-1,-1,4,01,-1,01,-1,-1,-1,-1,-1,-1,03,-1,-1,-1,01,-1,-1,-1,-1,01,CA,06,-1,-1,-1,-1,02,-1,-1,02,04,0,5,-1,-1,02,04,02,0,4,44,02,02,02,-1,-1,-1,-1,-1,-1,-1,-1,-1,-1,-1,-1,-1,-1,02,01,04,01,01,02,01,-1,-1,-1,-1,02,-1,-1,-8,-1,-1,-1,200808,01,01,S,3000,20,7000,750,3000,20,7000,41740,7320
20024442,03,82,45.06828452,0,02,01,2,18,4,3,2,1,01,06,5,01,-1,92,09,04,-1,-1,-1,-1,-1,-1,-1,-1,01,-1,02,-1,-1,-1,-1,-1,-1,-1,-1,-1,-1,01,-1,-1,-1,-1,01,CA,06,-1,-1,-1,-1,02,-1,-1,02,04,0,20,-1,-1,02,07,02,10,0,16,03,02,02,-1,-1,-1,-1,-1,-1,-1,-1,-1,-1,-1,-1,-1,-1,02,01,04,01,01,02,01,-1,-1,-1,-1,02,-1,-1,-1,-1,-1,-1,200808,01,01,S,3000,20,7000,750,3000,20,7000,41740,7320
20024442,04,82,45.201610809,45.201610809,02,01,2,18,4,3,2,1,01,06,3,-1,-1,92,09,04,-1,-1,-1,-1,-1,-1,-1,-1,01,04,-1,-1,-1,-1,-1,-1,-1,-1,-1,-1,1,01,-1,-1,09,-1,01,CA,06,-1,-1,-1,-1,-1,-1,-1,02,04,0,20,-1,-1,-1,-1,02,-1,-1,14,03,01,02,-1,04,01,03,01,01,23,23,01,01,-1,15,-1,1,02,01,04,01,02,02,-1,-1,-1,-1,-1,-1,-1,-1,-1,-1,-1,-1,200808,01,01,S,3000,20,7000,750,3000,20,7000,41740,7320
20024451,01,12,222.57013869,0,02,01,3,15,4,4,3,1,01,08,0,01,-1,52,05,03,-1,-1,-1,-1,-1,-1,-1,25,01,-1,01,-1,-1,02,-1,-1,-1,03,-1,-1,-1,01,-1,-1,-1,-1,01,FL,12,04,-1,1,-1,02,-1,-1,02,04,0,7,-1,-1,02,04,01,0,25,54,01,02,02,01,-1,-1,-1,-1,-1,-1,-1,-1,-1,-1,-1,-1,-1,05,01,04,01,-1,-1,01,-1,-1,-1,-1,02,-1,-1,1500,02,-1,-1,200901,01,01,U,1500,20,3000,3000,1500,20,3000,45300,8280
20024451,02,12,296.32120594,0,02,01,3,15,4,4,3,1,01,08,0,01,1,52,05,03,-1,-1,-1,-1,-1,-1,-1,15,01,-1,01,-1,-1,-1,-1,-1,-1,04,-1,02,-1,01,-1,12.52798256,-1,02,01,FL,12,-1,01,1,-1,02,-1,-1,02,04,0,5,-1,-1,-1,01,02,0,15,51,02,01,02,01,-1,-1,-1,-1,-1,-1,-1,-1,-1,02,-1,20,-1,05,01,04,01,-1,-1,01,-1,01,02,12,01,09:00AM,01,6000,02,-1,22,200901,01,01,U,1500,20,3000,3000,1500,20,3000,45300,8280
20024451,03,12,351.51305003,0,02,01,3,15,4,4,3,1,01,08,0,01,-1,52,05,03,-1,-1,-1,-1,-1,-1,-1,-1,01,-1,01,-1,-1,-1,-1,-1,-1,-1,-1,-1,-1,01,-1,-1,-1,-1,01,FL,12,-1,-1,1,-1,02,-1,-1,02,04,0,7,-1,-1,02,07,02,0,0,16,03,01,02,01,-1,-1,-1,-1,-1,-1,-1,-1,-1,-1,-1,-1,-1,05,01,04,01,-1,-1,01,-1,-1,-1,-1,02,-1,-1,300,02,-1,-1,200901,01,01,U,1500,20,3000,3000,1500,20,3000,45300,8280
20024451,04,12,244.51064483,0,02,01,3,15,4,4,3,1,01,08,0,01,-1,52,05,03,02,02,02,01,02,02,01,-1,01,-1,02,-1,-1,-1,-1,-1,-1,03,01,-1,-1,01,-1,-1,-1,-1,01,FL,12,-1,-1,6,-1,01,04,-1,02,04,0,0,-1,-1,02,06,02,0,-1,76,04,02,02,01,-1,-1,-1,-1,-1,-1,-1,-1,-1,-1,-1,-1,-1,05,01,04,01,-1,-1,05,-1,-1,-1,-1,02,-1,-1,-1,-1,-1,-1,200901,01,01,U,1500,20,3000,3000,1500,20,3000,45300,8280
20024947,01,62,51.95905277,0,02,01,2,07,3,2,2,1,01,06,3,01,-1,52,05,03,-1,-1,-1,-1,-1,-1,-1,-1,01,-1,01,-1,-1,-1,02,-1,-1,03,-1,-1,-1,01,-1,-1,-1,-1,01,VA,51,05,-1,-1,-1,02,-1,-1,02,04,0,8,-1,-1,02,04,01,-9,0,56,01,02,02,-1,-1,-1,-1,-1,-1,-1,-1,-1,-1,-1,-1,-1,-1,05,04,06,02,02,02,04,-1,-1,-1,-1,02,-1,-1,-8,-1,-1,-1,200904,01,01,TC,50,20,300,150,50,5,50,47260,5720
20024947,02,62,56.270703282,0,02,01,2,07,3,2,2,1,01,06,6,01,1,52,05,03,02,02,02,02,02,02,02,-1,01,-1,01,-1,-1,02,-1,-1,-1,03,-1,01,-1,01,-1,4.8717820296,-1,02,01,VA,51,04,04,-1,-1,01,05,-1,02,04,0,0,-1,-1,-1,01,01,-9,-1,59,02,01,02,-1,-1,-1,-1,-1,-1,-1,-1,-1,-1,02,-1,15,-1,05,04,06,02,02,02,05,-1,01,02,51,01,06:00AM,04,15000,02,-1,7,200904,01,01,TC,50,20,300,150,50,5,50,47260,5720
20024947,03,62,71.680301247,71.680301247,02,01,2,07,3,2,2,1,01,06,0,-1,-1,52,05,03,-1,-1,-1,-1,-1,-1,-1,-1,02,05,-1,-1,-1,-1,-1,-1,-1,-1,-1,-1,-1,01,-1,-1,-1,-1,01,VA,51,-1,-1,1,-1,-1,-1,-1,02,04,3,7,-1,-1,-1,-1,02,-1,-1,14,06,02,02,01,04,03,05,05,05,11,11,01,01,-1,45,-1,-1,05,04,06,02,-1,-1,-1,-1,-1,-1,-1,-1,-1,-1,-1,-1,-1,-1,200904,01,01,TC,50,20,300,150,50,5,50,47260,5720
20024992,01,6,79.905503919,0,02,01,2,12,2,2,2,0,01,10,9,01,-1,53,05,03,-1,-1,-1,-1,-1,-1,-1,-1,01,-1,01,-1,-1,-1,01,-1,-1,02,-1,-1,-1,01,-1,-1,-1,-1,01,NC,37,05,-1,-1,-1,02,-1,-1,03,01,0,0,-1,-1,02,06,01,0,-1,79,01,01,02,-1,-1,-1,-1,-1,-1,-1,-1,-1,-1,-1,-1,-1,-1,02,01,01,01,02,02,05,-1,-1,-1,-1,02,-1,-1,15000,02,-1,-1,200901,01,01,C,3000,70,7000,750,3000,60,7000,XXXXX,XXXX
20024992,02,6,79.268491867,0,02,01,2,12,2,2,2,0,01,10,2,01,-1,53,05,03,-1,-1,-1,-1,-1,-1,-1,-1,01,-1,01,01,-1,-1,-1,-1,-1,02,-1,-1,-1,01,-1,-1,-1,-1,01,NC,37,06,-1,-1,-1,02,-1,-1,03,01,0,0,-1,-1,02,04,01,0,-1,77,02,02,02,-1,-1,-1,-1,-1,-1,-1,-1,-1,-1,-1,-1,-1,-1,02,01,01,01,02,02,05,-1,-1,-1,-1,02,-1,-1,5000,02,-1,-1,200901,01,01,C,3000,70,7000,750,3000,60,7000,XXXXX,XXXX
20025458,01,76,606.48316791,0,02,02,2,05,7,2,2,2,01,06,6,01,1,21,02,01,-1,-1,-1,-1,-1,-1,-1,3,01,-1,01,03,-1,-1,-1,-1,-1,03,-1,02,-1,01,-1,1.8389528733,-1,02,01,NY,36,06,01,-1,-1,02,-1,-1,01,05,0,0,-1,-1,-1,01,01,-9,3,33,01,02,01,-1,-1,-1,-1,-1,-1,-1,-1,-1,-1,02,-1,10,-1,04,01,02,01,02,02,01,-1,01,02,36,01,09:00AM,03,12000,02,-1,5,200812,02,02,TC,50,95,300,150,50,95,300,XXXXX,5602
20025458,02,76,748.76909232,0,02,02,2,05,7,2,2,2,01,06,2,01,1,21,02,01,-1,-1,-1,-1,-1,-1,-1,1,02,-1,01,-1,-1,-1,-1,-1,-1,03,-1,01,-1,01,-1,1.3584695405,-1,02,01,NY,36,-1,01,-1,-1,02,-1,-1,01,05,0,5,-1,-1,-1,01,02,0,2,42,02,01,01,-1,-1,-1,-1,-1,-1,-1,-1,-1,-1,02,-1,5,-1,04,01,02,01,02,02,01,1,01,01,36,01,07:00AM,04,8000,02,-1,3,200812,02,02,TC,50,95,300,150,50,95,300,XXXXX,5602
20025458,03,76,607.75222842,0,02,02,2,05,7,2,2,2,01,06,4,-1,-1,21,02,01,-1,-1,-1,-1,-1,-1,-1,-1,01,-1,-1,-1,-1,-1,-1,-1,-1,-1,-1,-1,-1,01,-1,-1,-1,-1,01,NY,36,-1,-1,-1,-1,-1,-1,-1,01,05,0,5,-1,-1,-1,-1,02,-1,-1,14,03,02,01,-1,-1,-1,-1,-1,-1,-1,-1,-1,-1,-1,-1,-1,-1,04,01,02,01,01,02,-1,-1,-1,-1,-1,-1,-1,-1,-1,-1,-1,-1,200812,02,02,TC,50,95,300,150,50,95,300,XXXXX,5602
20025458,04,76,607.75222842,3038.7611421,02,02,2,05,7,2,2,2,01,06,2,-1,-1,21,02,01,-1,-1,-1,-1,-1,-1,-1,-1,01,01,-1,-1,-1,-1,-1,-1,-1,-1,-1,-1,2,01,-1,-1,06,-1,01,NY,36,-1,-1,-1,-1,-1,-1,-1,01,05,0,7,-1,-1,-1,-1,02,-1,-1,13,03,02,01,-1,04,05,05,05,05,23,23,01,04,-1,3,-1,2,04,01,02,01,02,02,-1,-1,-1,-1,-1,-1,-1,-1,-1,-1,-1,-1,200812,02,02,TC,50,95,300,150,50,95,300,XXXXX,5602
20025458,05,76,510.70138776,0,02,02,2,05,7,2,2,2,01,06,2,-1,-1,21,02,01,-1,-1,-1,-1,-1,-1,-1,-1,01,-1,-1,-1,-1,-1,-1,-1,-1,-1,-1,-1,-1,01,-1,-1,-1,-1,01,NY,36,-1,-1,-1,-1,-1,-1,-1,01,05,2,7,-1,-1,-1,-1,02,-1,-1,11,03,01,01,-1,-1,-1,-1,-1,-1,-1,-1,-1,-1,-1,-1,-1,-1,04,01,02,01,02,02,-1,-1,-1,-1,-1,-1,-1,-1,-1,-1,-1,-1,200812,02,02,TC,50,95,300,150,50,95,300,XXXXX,5602
20025458,06,76,607.75222842,0,02,02,2,05,7,2,2,2,01,06,2,-1,-1,21,02,01,-1,-1,-1,-1,-1,-1,-1,-1,01,-1,-1,-1,-1,-1,-1,-1,-1,-1,-1,-1,-1,01,-1,-1,-1,-1,01,NY,36,-1,-1,-1,-1,-1,-1,-1,01,05,0,7,-1,-1,-1,-1,02,-1,-1,8,03,02,01,-1,-1,-1,-1,-1,-1,-1,-1,-1,-1,-1,-1,-1,-1,04,01,02,01,02,02,-1,-1,-1,-1,-1,-1,-1,-1,-1,-1,-1,-1,200812,02,02,TC,50,95,300,150,50,95,300,XXXXX,5602
20025458,07,76,510.70138776,0,02,02,2,05,7,2,2,2,01,06,2,-1,-1,21,02,01,-1,-1,-1,-1,-1,-1,-1,-1,01,-1,-1,-1,-1,-1,-1,-1,-1,-1,-1,-1,-1,01,-1,-1,-1,-1,01,NY,36,-1,-1,-1,-1,-1,-1,-1,01,05,0,7,-1,-1,-1,-1,02,-1,-1,8,03,01,01,-1,-1,-1,-1,-1,-1,-1,-1,-1,-1,-1,-1,-1,-1,04,01,02,01,02,02,-1,-1,-1,-1,-1,-1,-1,-1,-1,-1,-1,-1,200812,02,02,TC,50,95,300,150,50,95,300,XXXXX,5602
20025579,01,31,21.064724657,0,02,01,2,05,2,2,2,1,01,10,2,01,-1,53,05,03,01,02,01,02,02,02,01,2,01,-1,01,-1,-1,-1,03,-1,-1,02,-1,-1,-1,01,-1,-1,-1,-1,01,SC,45,05,-1,-1,-1,01,04,-1,03,03,0,1,-1,-1,02,06,01,0,2,57,01,01,02,-1,-1,-1,-1,-1,-1,-1,-1,-1,-1,-1,-1,-1,-1,03,01,01,01,02,02,01,-1,-1,-1,-1,02,-1,-1,-8,-1,-1,-1,200808,01,01,C,750,40,1500,750,750,50,1500,XXXXX,XXXX
20025579,02,31,18.155066387,0,02,01,2,05,2,2,2,1,01,10,2,01,1,53,05,03,-1,-1,-1,-1,-1,-1,-1,-1,02,-1,01,-1,-1,-1,03,-1,-1,02,-1,02,-1,01,-1,1.2760905457,-1,02,01,SC,45,05,02,-1,-1,02,-1,-1,03,03,0,0,-1,-1,-1,01,01,-9,0,61,02,02,02,-1,-1,-1,-1,-1,-1,-1,-1,-1,-1,02,-1,12,-1,03,01,01,01,02,02,01,-1,01,02,45,01,07:00AM,01,-8,-1,-1,3,200808,01,01,C,750,40,1500,750,750,50,1500,XXXXX,XXXX
20025663,01,41,178.41332409,0,02,02,1,-8,1,2,1,0,01,09,3,01,-1,92,09,04,-1,-1,-1,-1,-1,-1,-1,-1,02,-1,01,-1,03,-1,-1,-1,-1,02,-1,-1,-1,01,-1,-1,-1,-1,01,CA,06,01,-1,-1,-1,02,-1,-1,02,04,0,7,-1,-1,02,06,01,0,-1,54,01,02,02,-1,-1,-1,-1,-1,-1,-1,-1,-1,-1,-1,-1,-1,-1,04,01,04,01,02,02,05,-1,-1,-1,-1,02,-1,-1,-8,-1,-1,-1,200806,01,03,U,17000,90,30000,5000,17000,90,30000,41740,7320
20025784,01,8,151.53132284,0,02,01,2,10,2,3,2,0,01,10,2,01,-1,93,09,04,-1,-1,-1,-1,-1,-1,-1,-1,01,-1,01,-1,-1,02,-1,-1,-1,03,-1,-1,-1,01,-1,-1,-1,-1,01,CA,06,04,-1,-1,-1,02,-1,-1,03,03,0,4,-1,-1,02,06,01,0,-1,65,01,01,02,-1,-1,-1,-1,-1,-1,-1,-1,-1,-1,-1,-1,-1,-1,03,04,06,02,02,02,05,-1,-1,-1,-1,02,-1,-1,15000,02,-1,-1,200812,01,01,TC,50,20,50,25,50,20,50,XXXXX,XXXX
20025784,02,8,159.11042771,0,02,01,2,10,2,3,2,0,01,10,0,01,-1,93,09,04,01,02,01,02,02,02,01,-1,02,-1,01,-1,03,-1,-1,-1,-1,03,-1,-1,-1,01,-1,-1,-1,-1,01,CA,06,01,-1,4,-1,01,05,-1,03,03,0,1,-1,-1,02,06,01,0,-1,62,02,02,02,01,-1,-1,-1,-1,-1,-1,-1,-1,-1,-1,-1,-1,-1,03,04,06,02,-1,-1,05,-1,-1,-1,-1,02,-1,-1,-8,-1,-1,-1,200812,01,01,TC,50,20,50,25,50,20,50,XXXXX,XXXX
20026053,01,51,349.56944049,0,02,05,1,12,2,1,2,1,01,02,5,01,1,92,09,04,-1,-1,-1,-1,-1,-1,-1,1,01,-1,01,-1,-1,03,-1,-1,-1,03,-1,01,-1,01,-1,-9,-1,02,01,CA,06,04,04,-1,-1,02,-1,-1,02,04,0,0,-1,-1,-1,01,01,0,1,50,01,02,02,-1,-1,-1,-1,-1,-1,-1,-1,-1,-1,02,-1,5,-1,07,01,04,01,01,02,01,-1,01,02,-9,01,06:00AM,03,50000,02,-1,0.5555,200903,02,03,U,7000,80,17000,3000,7000,80,17000,41740,7320
20026053,02,51,1114.5672302,0,02,05,1,12,2,1,2,1,01,02,5,01,-1,92,09,04,-1,-1,-1,-1,-1,-1,-1,-1,02,-1,02,-1,-1,-1,-1,-1,-1,03,01,-1,-1,01,-1,-1,-1,-1,01,CA,06,-1,-1,-1,-1,02,-1,-1,02,04,0,0,-1,-1,02,04,02,8,0,22,03,02,02,-1,-1,-1,-1,-1,-1,-1,-1,-1,-1,-1,-1,-1,-1,07,01,04,01,01,02,01,-1,-1,-1,-1,02,-1,-1,-1,-1,-1,-1,200903,02,03,U,7000,80,17000,3000,7000,80,17000,41740,7320
20026482,01,82,382.92449025,0,02,02,2,12,2,3,2,1,02,02,4,01,1,53,05,03,-1,-1,-1,-1,-1,-1,-1,1,02,-1,01,-1,-1,03,-1,-1,-1,04,-1,01,-1,01,-1,15.148701599,-1,02,01,FL,12,04,04,-1,-1,02,-1,-1,03,02,0,4,-1,-1,-1,01,01,-9,1,39,01,02,02,-1,-1,-1,-1,-1,-1,-1,-1,-1,-1,02,-1,45,-1,02,04,06,02,02,02,01,-1,01,02,12,01,08:00AM,03,30000,02,-1,40,200808,01,01,TC,50,20,300,25,50,20,300,XXXXX,XXXX
20026549,01,92,16.975968139,0,02,01,4,14,6,4,4,3,01,04,0,01,1,21,02,01,-1,-1,-1,-1,-1,-1,-1,6,02,-1,01,-1,-1,03,-1,-1,-1,02,-1,01,-1,01,-1,23.4624749,-1,02,01,NY,36,04,04,1,-1,02,-1,-1,01,05,0,0,-1,-1,-1,01,01,0,6,35,01,02,01,01,-1,-1,-1,-1,-1,-1,-1,-1,-1,01,-1,45,-1,03,01,05,01,-1,-1,01,-1,01,02,36,01,10:00AM,01,15000,02,-1,35,200901,01,01,TC,300,5,1500,750,300,5,1500,35620,5602
20026549,02,92,29.610255007,0,02,01,4,14,6,4,4,3,01,04,4,01,1,21,02,01,-1,-1,-1,-1,-1,-1,-1,15,01,-1,01,01,-1,-1,-1,-1,-1,04,-1,01,-1,02,-1,24.088471068,-1,01,01,NY,36,06,04,-1,-1,02,-1,-1,01,05,0,0,-1,02,-1,01,01,-9,15,37,02,01,01,-1,-1,-1,-1,-1,-1,-1,-1,-1,-1,02,-1,45,-1,03,01,05,01,01,02,01,-1,01,02,36,01,09:30AM,01,15000,02,-1,30,200901,01,01,TC,300,5,1500,750,300,5,1500,35620,5602
20026549,03,92,14.681020702,0,02,01,4,14,6,4,4,3,01,04,2,01,-1,21,02,01,-1,-1,-1,-1,-1,-1,-1,5,01,-1,01,-1,-1,-1,03,-1,-1,02,-1,-1,-1,01,-1,-1,-1,-1,01,NY,36,05,-1,-1,-1,02,-1,-1,01,05,0,2,-1,-1,02,03,01,0,5,59,04,02,01,-1,-1,-1,-1,-1,-1,-1,-1,-1,-1,-1,-1,-1,-1,03,01,05,01,02,02,01,-1,-1,-1,-1,02,-1,-1,12000,02,-1,-1,200901,01,01,TC,300,5,1500,750,300,5,1500,35620,5602
20026549,04,92,17.695531146,0,02,01,4,14,6,4,4,3,01,04,2,01,1,21,02,01,-1,-1,-1,-1,-1,-1,-1,-1,01,-1,01,-1,-1,-1,-1,-1,-1,-8,-1,01,-1,01,-1,20.382447168,-1,02,01,NY,36,-1,03,-1,-1,02,-1,-1,01,05,0,0,-1,-1,-1,01,02,0,0,60,04,01,01,-1,-1,-1,-1,-1,-1,-1,-1,-1,-1,02,-1,60,-1,03,01,05,01,01,02,01,-1,01,02,09,01,10:00AM,01,15000,02,-1,26,200901,01,01,TC,300,5,1500,750,300,5,1500,35620,5602
20026549,05,92,19.203352413,19.203352413,02,01,4,14,6,4,4,3,01,04,2,-1,-1,21,02,01,-1,-1,-1,-1,-1,-1,-1,-1,01,03,-1,-1,-1,-1,-1,-1,-1,-1,-1,-1,-1,01,-1,-1,-8,-1,01,NY,36,-1,-1,-1,-1,-1,-1,-1,01,05,0,0,-1,-1,-1,-1,02,-1,-1,8,03,02,01,-1,04,05,05,05,05,11,11,01,04,-1,20,-1,-1,03,01,05,01,02,02,-1,-1,-1,-1,-1,-1,-1,-1,-1,-1,-1,-1,200901,01,01,TC,300,5,1500,750,300,5,1500,35620,5602
